<?xml version="1.0" encoding="UTF-8"?>
<export version="D">
  <design>
    <source>C:\Users\Carlos\Documents\diseños teclados\ALICE\Proyecto Alicia\pcb\Proyecto A.sch</source>
    <date>13/07/2020 10:25:16</date>
    <tool>Eeschema (5.1.6)-1</tool>
    <sheet number="1" name="/" tstamps="/">
      <title_block>
        <title/>
        <company/>
        <rev/>
        <date/>
        <source>Proyecto A.sch</source>
        <comment number="1" value=""/>
        <comment number="2" value=""/>
        <comment number="3" value=""/>
        <comment number="4" value=""/>
      </title_block>
    </sheet>
  </design>
  <components>
    <comp ref="Esc1">
      <value>KEYSW</value>
      <footprint>MX_Only:MXOnly-1U-NoLED</footprint>
      <libsource lib="MX_Alps_Hybrid" part="MX-NoLED" description=""/>
      <sheetpath names="/" tstamps="/"/>
      <tstamp>00000001</tstamp>
    </comp>
    <comp ref="D_0">
      <value>D</value>
      <footprint>Diode_SMD:D_SOD-123</footprint>
      <datasheet>~</datasheet>
      <fields>
        <field name="JLC">C64898</field>
      </fields>
      <libsource lib="Device" part="D_Small" description="Diode, small symbol"/>
      <sheetpath names="/" tstamps="/"/>
      <tstamp>00000000</tstamp>
    </comp>
    <comp ref="KK0">
      <value>ES</value>
      <footprint>MX_Only:MXOnly-1U-NoLED</footprint>
      <libsource lib="MX_Alps_Hybrid" part="MX-NoLED" description=""/>
      <sheetpath names="/" tstamps="/"/>
      <tstamp>00000011</tstamp>
    </comp>
    <comp ref="D_1">
      <value>D</value>
      <footprint>Diode_SMD:D_SOD-123</footprint>
      <datasheet>~</datasheet>
      <fields>
        <field name="JLC">C64898</field>
      </fields>
      <libsource lib="Device" part="D_Small" description="Diode, small symbol"/>
      <sheetpath names="/" tstamps="/"/>
      <tstamp>00000010</tstamp>
    </comp>
    <comp ref="K1">
      <value>1</value>
      <footprint>MX_Only:MXOnly-1U-NoLED</footprint>
      <libsource lib="MX_Alps_Hybrid" part="MX-NoLED" description=""/>
      <sheetpath names="/" tstamps="/"/>
      <tstamp>00000021</tstamp>
    </comp>
    <comp ref="D_2">
      <value>D</value>
      <footprint>Diode_SMD:D_SOD-123</footprint>
      <datasheet>~</datasheet>
      <fields>
        <field name="JLC">C64898</field>
      </fields>
      <libsource lib="Device" part="D_Small" description="Diode, small symbol"/>
      <sheetpath names="/" tstamps="/"/>
      <tstamp>00000020</tstamp>
    </comp>
    <comp ref="K2">
      <value>2</value>
      <footprint>MX_Only:MXOnly-1U-NoLED</footprint>
      <libsource lib="MX_Alps_Hybrid" part="MX-NoLED" description=""/>
      <sheetpath names="/" tstamps="/"/>
      <tstamp>00000031</tstamp>
    </comp>
    <comp ref="D_3">
      <value>D</value>
      <footprint>Diode_SMD:D_SOD-123</footprint>
      <datasheet>~</datasheet>
      <fields>
        <field name="JLC">C64898</field>
      </fields>
      <libsource lib="Device" part="D_Small" description="Diode, small symbol"/>
      <sheetpath names="/" tstamps="/"/>
      <tstamp>00000030</tstamp>
    </comp>
    <comp ref="K3">
      <value>3</value>
      <footprint>MX_Only:MXOnly-1U-NoLED</footprint>
      <libsource lib="MX_Alps_Hybrid" part="MX-NoLED" description=""/>
      <sheetpath names="/" tstamps="/"/>
      <tstamp>00000041</tstamp>
    </comp>
    <comp ref="D_4">
      <value>D</value>
      <footprint>Diode_SMD:D_SOD-123</footprint>
      <datasheet>~</datasheet>
      <fields>
        <field name="JLC">C64898</field>
      </fields>
      <libsource lib="Device" part="D_Small" description="Diode, small symbol"/>
      <sheetpath names="/" tstamps="/"/>
      <tstamp>00000040</tstamp>
    </comp>
    <comp ref="K4">
      <value>4</value>
      <footprint>MX_Only:MXOnly-1U-NoLED</footprint>
      <libsource lib="MX_Alps_Hybrid" part="MX-NoLED" description=""/>
      <sheetpath names="/" tstamps="/"/>
      <tstamp>00000051</tstamp>
    </comp>
    <comp ref="D_5">
      <value>D</value>
      <footprint>Diode_SMD:D_SOD-123</footprint>
      <datasheet>~</datasheet>
      <fields>
        <field name="JLC">C64898</field>
      </fields>
      <libsource lib="Device" part="D_Small" description="Diode, small symbol"/>
      <sheetpath names="/" tstamps="/"/>
      <tstamp>00000050</tstamp>
    </comp>
    <comp ref="k5">
      <value>5</value>
      <footprint>MX_Only:MXOnly-1U-NoLED</footprint>
      <libsource lib="MX_Alps_Hybrid" part="MX-NoLED" description=""/>
      <sheetpath names="/" tstamps="/"/>
      <tstamp>00000061</tstamp>
    </comp>
    <comp ref="D_6">
      <value>D</value>
      <footprint>Diode_SMD:D_SOD-123</footprint>
      <datasheet>~</datasheet>
      <fields>
        <field name="JLC">C64898</field>
      </fields>
      <libsource lib="Device" part="D_Small" description="Diode, small symbol"/>
      <sheetpath names="/" tstamps="/"/>
      <tstamp>00000060</tstamp>
    </comp>
    <comp ref="K6">
      <value>6</value>
      <footprint>MX_Only:MXOnly-1U-NoLED</footprint>
      <libsource lib="MX_Alps_Hybrid" part="MX-NoLED" description=""/>
      <sheetpath names="/" tstamps="/"/>
      <tstamp>00000071</tstamp>
    </comp>
    <comp ref="D_7">
      <value>D</value>
      <footprint>Diode_SMD:D_SOD-123</footprint>
      <datasheet>~</datasheet>
      <fields>
        <field name="JLC">C64898</field>
      </fields>
      <libsource lib="Device" part="D_Small" description="Diode, small symbol"/>
      <sheetpath names="/" tstamps="/"/>
      <tstamp>00000070</tstamp>
    </comp>
    <comp ref="K7">
      <value>7</value>
      <footprint>MX_Only:MXOnly-1U-NoLED</footprint>
      <libsource lib="MX_Alps_Hybrid" part="MX-NoLED" description=""/>
      <sheetpath names="/" tstamps="/"/>
      <tstamp>00000081</tstamp>
    </comp>
    <comp ref="D_8">
      <value>D</value>
      <footprint>Diode_SMD:D_SOD-123</footprint>
      <datasheet>~</datasheet>
      <fields>
        <field name="JLC">C64898</field>
      </fields>
      <libsource lib="Device" part="D_Small" description="Diode, small symbol"/>
      <sheetpath names="/" tstamps="/"/>
      <tstamp>00000080</tstamp>
    </comp>
    <comp ref="K8">
      <value>8</value>
      <footprint>MX_Only:MXOnly-1U-NoLED</footprint>
      <libsource lib="MX_Alps_Hybrid" part="MX-NoLED" description=""/>
      <sheetpath names="/" tstamps="/"/>
      <tstamp>00000091</tstamp>
    </comp>
    <comp ref="D_9">
      <value>D</value>
      <footprint>Diode_SMD:D_SOD-123</footprint>
      <datasheet>~</datasheet>
      <fields>
        <field name="JLC">C64898</field>
      </fields>
      <libsource lib="Device" part="D_Small" description="Diode, small symbol"/>
      <sheetpath names="/" tstamps="/"/>
      <tstamp>00000090</tstamp>
    </comp>
    <comp ref="K9">
      <value>9</value>
      <footprint>MX_Only:MXOnly-1U-NoLED</footprint>
      <libsource lib="MX_Alps_Hybrid" part="MX-NoLED" description=""/>
      <sheetpath names="/" tstamps="/"/>
      <tstamp>00000101</tstamp>
    </comp>
    <comp ref="D_10">
      <value>D</value>
      <footprint>Diode_SMD:D_SOD-123</footprint>
      <datasheet>~</datasheet>
      <fields>
        <field name="JLC">C64898</field>
      </fields>
      <libsource lib="Device" part="D_Small" description="Diode, small symbol"/>
      <sheetpath names="/" tstamps="/"/>
      <tstamp>00000100</tstamp>
    </comp>
    <comp ref="K10">
      <value>10</value>
      <footprint>MX_Only:MXOnly-1U-NoLED</footprint>
      <libsource lib="MX_Alps_Hybrid" part="MX-NoLED" description=""/>
      <sheetpath names="/" tstamps="/"/>
      <tstamp>00000111</tstamp>
    </comp>
    <comp ref="D_11">
      <value>D</value>
      <footprint>Diode_SMD:D_SOD-123</footprint>
      <datasheet>~</datasheet>
      <fields>
        <field name="JLC">C64898</field>
      </fields>
      <libsource lib="Device" part="D_Small" description="Diode, small symbol"/>
      <sheetpath names="/" tstamps="/"/>
      <tstamp>00000110</tstamp>
    </comp>
    <comp ref="_-1">
      <value>-</value>
      <footprint>MX_Only:MXOnly-1U-NoLED</footprint>
      <libsource lib="MX_Alps_Hybrid" part="MX-NoLED" description=""/>
      <sheetpath names="/" tstamps="/"/>
      <tstamp>00000121</tstamp>
    </comp>
    <comp ref="D_12">
      <value>D</value>
      <footprint>Diode_SMD:D_SOD-123</footprint>
      <datasheet>~</datasheet>
      <fields>
        <field name="JLC">C64898</field>
      </fields>
      <libsource lib="Device" part="D_Small" description="Diode, small symbol"/>
      <sheetpath names="/" tstamps="/"/>
      <tstamp>00000120</tstamp>
    </comp>
    <comp ref="=+1">
      <value>=</value>
      <footprint>MX_Only:MXOnly-1U-NoLED</footprint>
      <libsource lib="MX_Alps_Hybrid" part="MX-NoLED" description=""/>
      <sheetpath names="/" tstamps="/"/>
      <tstamp>00000131</tstamp>
    </comp>
    <comp ref="D_13">
      <value>D</value>
      <footprint>Diode_SMD:D_SOD-123</footprint>
      <datasheet>~</datasheet>
      <fields>
        <field name="JLC">C64898</field>
      </fields>
      <libsource lib="Device" part="D_Small" description="Diode, small symbol"/>
      <sheetpath names="/" tstamps="/"/>
      <tstamp>00000130</tstamp>
    </comp>
    <comp ref="PGUP1">
      <value>pgup</value>
      <footprint>MX_Only:MXOnly-1U-NoLED</footprint>
      <libsource lib="MX_Alps_Hybrid" part="MX-NoLED" description=""/>
      <sheetpath names="/" tstamps="/"/>
      <tstamp>00000151</tstamp>
    </comp>
    <comp ref="D_15">
      <value>D</value>
      <footprint>Diode_SMD:D_SOD-123</footprint>
      <datasheet>~</datasheet>
      <fields>
        <field name="JLC">C64898</field>
      </fields>
      <libsource lib="Device" part="D_Small" description="Diode, small symbol"/>
      <sheetpath names="/" tstamps="/"/>
      <tstamp>00000150</tstamp>
    </comp>
    <comp ref="TAB1">
      <value>tabulador</value>
      <footprint>MX_Only:MXOnly-1.5U-NoLED</footprint>
      <libsource lib="MX_Alps_Hybrid" part="MX-NoLED" description=""/>
      <sheetpath names="/" tstamps="/"/>
      <tstamp>00000161</tstamp>
    </comp>
    <comp ref="D_16">
      <value>D</value>
      <footprint>Diode_SMD:D_SOD-123</footprint>
      <datasheet>~</datasheet>
      <fields>
        <field name="JLC">C64898</field>
      </fields>
      <libsource lib="Device" part="D_Small" description="Diode, small symbol"/>
      <sheetpath names="/" tstamps="/"/>
      <tstamp>00000160</tstamp>
    </comp>
    <comp ref="Q1">
      <value>q</value>
      <footprint>MX_Only:MXOnly-1U-NoLED</footprint>
      <libsource lib="MX_Alps_Hybrid" part="MX-NoLED" description=""/>
      <sheetpath names="/" tstamps="/"/>
      <tstamp>00000171</tstamp>
    </comp>
    <comp ref="D_17">
      <value>D</value>
      <footprint>Diode_SMD:D_SOD-123</footprint>
      <datasheet>~</datasheet>
      <fields>
        <field name="JLC">C64898</field>
      </fields>
      <libsource lib="Device" part="D_Small" description="Diode, small symbol"/>
      <sheetpath names="/" tstamps="/"/>
      <tstamp>00000170</tstamp>
    </comp>
    <comp ref="W1">
      <value>w</value>
      <footprint>MX_Only:MXOnly-1U-NoLED</footprint>
      <libsource lib="MX_Alps_Hybrid" part="MX-NoLED" description=""/>
      <sheetpath names="/" tstamps="/"/>
      <tstamp>00000181</tstamp>
    </comp>
    <comp ref="D_18">
      <value>D</value>
      <footprint>Diode_SMD:D_SOD-123</footprint>
      <datasheet>~</datasheet>
      <fields>
        <field name="JLC">C64898</field>
      </fields>
      <libsource lib="Device" part="D_Small" description="Diode, small symbol"/>
      <sheetpath names="/" tstamps="/"/>
      <tstamp>00000180</tstamp>
    </comp>
    <comp ref="E1">
      <value>e</value>
      <footprint>MX_Only:MXOnly-1U-NoLED</footprint>
      <libsource lib="MX_Alps_Hybrid" part="MX-NoLED" description=""/>
      <sheetpath names="/" tstamps="/"/>
      <tstamp>00000191</tstamp>
    </comp>
    <comp ref="D_19">
      <value>D</value>
      <footprint>Diode_SMD:D_SOD-123</footprint>
      <datasheet>~</datasheet>
      <fields>
        <field name="JLC">C64898</field>
      </fields>
      <libsource lib="Device" part="D_Small" description="Diode, small symbol"/>
      <sheetpath names="/" tstamps="/"/>
      <tstamp>00000190</tstamp>
    </comp>
    <comp ref="R10">
      <value>r</value>
      <footprint>MX_Only:MXOnly-1U-NoLED</footprint>
      <libsource lib="MX_Alps_Hybrid" part="MX-NoLED" description=""/>
      <sheetpath names="/" tstamps="/"/>
      <tstamp>00000201</tstamp>
    </comp>
    <comp ref="D_20">
      <value>D</value>
      <footprint>Diode_SMD:D_SOD-123</footprint>
      <datasheet>~</datasheet>
      <fields>
        <field name="JLC">C64898</field>
      </fields>
      <libsource lib="Device" part="D_Small" description="Diode, small symbol"/>
      <sheetpath names="/" tstamps="/"/>
      <tstamp>00000200</tstamp>
    </comp>
    <comp ref="T1">
      <value>t</value>
      <footprint>MX_Only:MXOnly-1U-NoLED</footprint>
      <libsource lib="MX_Alps_Hybrid" part="MX-NoLED" description=""/>
      <sheetpath names="/" tstamps="/"/>
      <tstamp>00000211</tstamp>
    </comp>
    <comp ref="D_21">
      <value>D</value>
      <footprint>Diode_SMD:D_SOD-123</footprint>
      <datasheet>~</datasheet>
      <fields>
        <field name="JLC">C64898</field>
      </fields>
      <libsource lib="Device" part="D_Small" description="Diode, small symbol"/>
      <sheetpath names="/" tstamps="/"/>
      <tstamp>00000210</tstamp>
    </comp>
    <comp ref="Y2">
      <value>y</value>
      <footprint>MX_Only:MXOnly-1U-NoLED</footprint>
      <libsource lib="MX_Alps_Hybrid" part="MX-NoLED" description=""/>
      <sheetpath names="/" tstamps="/"/>
      <tstamp>00000221</tstamp>
    </comp>
    <comp ref="D_22">
      <value>D</value>
      <footprint>Diode_SMD:D_SOD-123</footprint>
      <datasheet>~</datasheet>
      <fields>
        <field name="JLC">C64898</field>
      </fields>
      <libsource lib="Device" part="D_Small" description="Diode, small symbol"/>
      <sheetpath names="/" tstamps="/"/>
      <tstamp>00000220</tstamp>
    </comp>
    <comp ref="U2">
      <value>u</value>
      <footprint>MX_Only:MXOnly-1U-NoLED</footprint>
      <libsource lib="MX_Alps_Hybrid" part="MX-NoLED" description=""/>
      <sheetpath names="/" tstamps="/"/>
      <tstamp>00000231</tstamp>
    </comp>
    <comp ref="D_23">
      <value>D</value>
      <footprint>Diode_SMD:D_SOD-123</footprint>
      <datasheet>~</datasheet>
      <fields>
        <field name="JLC">C64898</field>
      </fields>
      <libsource lib="Device" part="D_Small" description="Diode, small symbol"/>
      <sheetpath names="/" tstamps="/"/>
      <tstamp>00000230</tstamp>
    </comp>
    <comp ref="I1">
      <value>i</value>
      <footprint>MX_Only:MXOnly-1U-NoLED</footprint>
      <libsource lib="MX_Alps_Hybrid" part="MX-NoLED" description=""/>
      <sheetpath names="/" tstamps="/"/>
      <tstamp>00000241</tstamp>
    </comp>
    <comp ref="D_24">
      <value>D</value>
      <footprint>Diode_SMD:D_SOD-123</footprint>
      <datasheet>~</datasheet>
      <fields>
        <field name="JLC">C64898</field>
      </fields>
      <libsource lib="Device" part="D_Small" description="Diode, small symbol"/>
      <sheetpath names="/" tstamps="/"/>
      <tstamp>00000240</tstamp>
    </comp>
    <comp ref="O1">
      <value>o</value>
      <footprint>MX_Only:MXOnly-1U-NoLED</footprint>
      <libsource lib="MX_Alps_Hybrid" part="MX-NoLED" description=""/>
      <sheetpath names="/" tstamps="/"/>
      <tstamp>00000251</tstamp>
    </comp>
    <comp ref="D_25">
      <value>D</value>
      <footprint>Diode_SMD:D_SOD-123</footprint>
      <datasheet>~</datasheet>
      <fields>
        <field name="JLC">C64898</field>
      </fields>
      <libsource lib="Device" part="D_Small" description="Diode, small symbol"/>
      <sheetpath names="/" tstamps="/"/>
      <tstamp>00000250</tstamp>
    </comp>
    <comp ref="P1">
      <value>p</value>
      <footprint>MX_Only:MXOnly-1U-NoLED</footprint>
      <libsource lib="MX_Alps_Hybrid" part="MX-NoLED" description=""/>
      <sheetpath names="/" tstamps="/"/>
      <tstamp>00000261</tstamp>
    </comp>
    <comp ref="D_26">
      <value>D</value>
      <footprint>Diode_SMD:D_SOD-123</footprint>
      <datasheet>~</datasheet>
      <fields>
        <field name="JLC">C64898</field>
      </fields>
      <libsource lib="Device" part="D_Small" description="Diode, small symbol"/>
      <sheetpath names="/" tstamps="/"/>
      <tstamp>00000260</tstamp>
    </comp>
    <comp ref="[1">
      <value>[</value>
      <footprint>MX_Only:MXOnly-1U-NoLED</footprint>
      <libsource lib="MX_Alps_Hybrid" part="MX-NoLED" description=""/>
      <sheetpath names="/" tstamps="/"/>
      <tstamp>00000271</tstamp>
    </comp>
    <comp ref="D_27">
      <value>D</value>
      <footprint>Diode_SMD:D_SOD-123</footprint>
      <datasheet>~</datasheet>
      <fields>
        <field name="JLC">C64898</field>
      </fields>
      <libsource lib="Device" part="D_Small" description="Diode, small symbol"/>
      <sheetpath names="/" tstamps="/"/>
      <tstamp>00000270</tstamp>
    </comp>
    <comp ref="]1">
      <value>]</value>
      <footprint>MX_Only:MXOnly-1U-NoLED</footprint>
      <libsource lib="MX_Alps_Hybrid" part="MX-NoLED" description=""/>
      <sheetpath names="/" tstamps="/"/>
      <tstamp>00000281</tstamp>
    </comp>
    <comp ref="D_28">
      <value>D</value>
      <footprint>Diode_SMD:D_SOD-123</footprint>
      <datasheet>~</datasheet>
      <fields>
        <field name="JLC">C64898</field>
      </fields>
      <libsource lib="Device" part="D_Small" description="Diode, small symbol"/>
      <sheetpath names="/" tstamps="/"/>
      <tstamp>00000280</tstamp>
    </comp>
    <comp ref="K\1">
      <value>\|</value>
      <footprint>MX_Only:MXOnly-1U-NoLED</footprint>
      <libsource lib="MX_Alps_Hybrid" part="MX-NoLED" description=""/>
      <sheetpath names="/" tstamps="/"/>
      <tstamp>00000291</tstamp>
    </comp>
    <comp ref="D_29">
      <value>D</value>
      <footprint>Diode_SMD:D_SOD-123</footprint>
      <datasheet>~</datasheet>
      <fields>
        <field name="JLC">C64898</field>
      </fields>
      <libsource lib="Device" part="D_Small" description="Diode, small symbol"/>
      <sheetpath names="/" tstamps="/"/>
      <tstamp>00000290</tstamp>
    </comp>
    <comp ref="PGDN1">
      <value>KEYSW</value>
      <footprint>MX_Only:MXOnly-1U-NoLED</footprint>
      <libsource lib="MX_Alps_Hybrid" part="MX-NoLED" description=""/>
      <sheetpath names="/" tstamps="/"/>
      <tstamp>00000301</tstamp>
    </comp>
    <comp ref="D_30">
      <value>D</value>
      <footprint>Diode_SMD:D_SOD-123</footprint>
      <datasheet>~</datasheet>
      <fields>
        <field name="JLC">C64898</field>
      </fields>
      <libsource lib="Device" part="D_Small" description="Diode, small symbol"/>
      <sheetpath names="/" tstamps="/"/>
      <tstamp>00000300</tstamp>
    </comp>
    <comp ref="CAPS1">
      <value>caps1</value>
      <footprint>MX_Only:MXOnly-1.75U-NoLED</footprint>
      <libsource lib="MX_Alps_Hybrid" part="MX-NoLED" description=""/>
      <sheetpath names="/" tstamps="/"/>
      <tstamp>00000311</tstamp>
    </comp>
    <comp ref="D_31">
      <value>D</value>
      <footprint>Diode_SMD:D_SOD-123</footprint>
      <datasheet>~</datasheet>
      <fields>
        <field name="JLC">C64898</field>
      </fields>
      <libsource lib="Device" part="D_Small" description="Diode, small symbol"/>
      <sheetpath names="/" tstamps="/"/>
      <tstamp>00000310</tstamp>
    </comp>
    <comp ref="A1">
      <value>a</value>
      <footprint>MX_Only:MXOnly-1U-NoLED</footprint>
      <libsource lib="MX_Alps_Hybrid" part="MX-NoLED" description=""/>
      <sheetpath names="/" tstamps="/"/>
      <tstamp>00000321</tstamp>
    </comp>
    <comp ref="D_32">
      <value>D</value>
      <footprint>Diode_SMD:D_SOD-123</footprint>
      <datasheet>~</datasheet>
      <fields>
        <field name="JLC">C64898</field>
      </fields>
      <libsource lib="Device" part="D_Small" description="Diode, small symbol"/>
      <sheetpath names="/" tstamps="/"/>
      <tstamp>00000320</tstamp>
    </comp>
    <comp ref="S1">
      <value>s</value>
      <footprint>MX_Only:MXOnly-1U-NoLED</footprint>
      <libsource lib="MX_Alps_Hybrid" part="MX-NoLED" description=""/>
      <sheetpath names="/" tstamps="/"/>
      <tstamp>00000331</tstamp>
    </comp>
    <comp ref="D_33">
      <value>D</value>
      <footprint>Diode_SMD:D_SOD-123</footprint>
      <datasheet>~</datasheet>
      <fields>
        <field name="JLC">C64898</field>
      </fields>
      <libsource lib="Device" part="D_Small" description="Diode, small symbol"/>
      <sheetpath names="/" tstamps="/"/>
      <tstamp>00000330</tstamp>
    </comp>
    <comp ref="D18">
      <value>d</value>
      <footprint>MX_Only:MXOnly-1U-NoLED</footprint>
      <libsource lib="MX_Alps_Hybrid" part="MX-NoLED" description=""/>
      <sheetpath names="/" tstamps="/"/>
      <tstamp>00000341</tstamp>
    </comp>
    <comp ref="D_34">
      <value>D</value>
      <footprint>Diode_SMD:D_SOD-123</footprint>
      <datasheet>~</datasheet>
      <fields>
        <field name="JLC">C64898</field>
      </fields>
      <libsource lib="Device" part="D_Small" description="Diode, small symbol"/>
      <sheetpath names="/" tstamps="/"/>
      <tstamp>00000340</tstamp>
    </comp>
    <comp ref="D_35">
      <value>D</value>
      <footprint>Diode_SMD:D_SOD-123</footprint>
      <datasheet>~</datasheet>
      <fields>
        <field name="JLC">C64898</field>
      </fields>
      <libsource lib="Device" part="D_Small" description="Diode, small symbol"/>
      <sheetpath names="/" tstamps="/"/>
      <tstamp>00000350</tstamp>
    </comp>
    <comp ref="G1">
      <value>g</value>
      <footprint>MX_Only:MXOnly-1U-NoLED</footprint>
      <libsource lib="MX_Alps_Hybrid" part="MX-NoLED" description=""/>
      <sheetpath names="/" tstamps="/"/>
      <tstamp>00000361</tstamp>
    </comp>
    <comp ref="D_36">
      <value>D</value>
      <footprint>Diode_SMD:D_SOD-123</footprint>
      <datasheet>~</datasheet>
      <fields>
        <field name="JLC">C64898</field>
      </fields>
      <libsource lib="Device" part="D_Small" description="Diode, small symbol"/>
      <sheetpath names="/" tstamps="/"/>
      <tstamp>00000360</tstamp>
    </comp>
    <comp ref="H1">
      <value>h</value>
      <footprint>MX_Only:MXOnly-1U-NoLED</footprint>
      <libsource lib="MX_Alps_Hybrid" part="MX-NoLED" description=""/>
      <sheetpath names="/" tstamps="/"/>
      <tstamp>00000371</tstamp>
    </comp>
    <comp ref="D_37">
      <value>D</value>
      <footprint>Diode_SMD:D_SOD-123</footprint>
      <datasheet>~</datasheet>
      <fields>
        <field name="JLC">C64898</field>
      </fields>
      <libsource lib="Device" part="D_Small" description="Diode, small symbol"/>
      <sheetpath names="/" tstamps="/"/>
      <tstamp>00000370</tstamp>
    </comp>
    <comp ref="J1">
      <value>j</value>
      <footprint>MX_Only:MXOnly-1U-NoLED</footprint>
      <libsource lib="MX_Alps_Hybrid" part="MX-NoLED" description=""/>
      <sheetpath names="/" tstamps="/"/>
      <tstamp>00000381</tstamp>
    </comp>
    <comp ref="D_38">
      <value>D</value>
      <footprint>Diode_SMD:D_SOD-123</footprint>
      <datasheet>~</datasheet>
      <fields>
        <field name="JLC">C64898</field>
      </fields>
      <libsource lib="Device" part="D_Small" description="Diode, small symbol"/>
      <sheetpath names="/" tstamps="/"/>
      <tstamp>00000380</tstamp>
    </comp>
    <comp ref="K11">
      <value>k</value>
      <footprint>MX_Only:MXOnly-1U-NoLED</footprint>
      <libsource lib="MX_Alps_Hybrid" part="MX-NoLED" description=""/>
      <sheetpath names="/" tstamps="/"/>
      <tstamp>00000391</tstamp>
    </comp>
    <comp ref="D_39">
      <value>D</value>
      <footprint>Diode_SMD:D_SOD-123</footprint>
      <datasheet>~</datasheet>
      <fields>
        <field name="JLC">C64898</field>
      </fields>
      <libsource lib="Device" part="D_Small" description="Diode, small symbol"/>
      <sheetpath names="/" tstamps="/"/>
      <tstamp>00000390</tstamp>
    </comp>
    <comp ref="L1">
      <value>l</value>
      <footprint>MX_Only:MXOnly-1U-NoLED</footprint>
      <libsource lib="MX_Alps_Hybrid" part="MX-NoLED" description=""/>
      <sheetpath names="/" tstamps="/"/>
      <tstamp>00000401</tstamp>
    </comp>
    <comp ref="D_40">
      <value>D</value>
      <footprint>Diode_SMD:D_SOD-123</footprint>
      <datasheet>~</datasheet>
      <fields>
        <field name="JLC">C64898</field>
      </fields>
      <libsource lib="Device" part="D_Small" description="Diode, small symbol"/>
      <sheetpath names="/" tstamps="/"/>
      <tstamp>00000400</tstamp>
    </comp>
    <comp ref=";1">
      <value>;</value>
      <footprint>MX_Only:MXOnly-1U-NoLED</footprint>
      <libsource lib="MX_Alps_Hybrid" part="MX-NoLED" description=""/>
      <sheetpath names="/" tstamps="/"/>
      <tstamp>00000411</tstamp>
    </comp>
    <comp ref="D_41">
      <value>D</value>
      <footprint>Diode_SMD:D_SOD-123</footprint>
      <datasheet>~</datasheet>
      <fields>
        <field name="JLC">C64898</field>
      </fields>
      <libsource lib="Device" part="D_Small" description="Diode, small symbol"/>
      <sheetpath names="/" tstamps="/"/>
      <tstamp>00000410</tstamp>
    </comp>
    <comp ref="'1">
      <value>'</value>
      <footprint>MX_Only:MXOnly-1U-NoLED</footprint>
      <libsource lib="MX_Alps_Hybrid" part="MX-NoLED" description=""/>
      <sheetpath names="/" tstamps="/"/>
      <tstamp>00000421</tstamp>
    </comp>
    <comp ref="D_42">
      <value>D</value>
      <footprint>Diode_SMD:D_SOD-123</footprint>
      <datasheet>~</datasheet>
      <fields>
        <field name="JLC">C64898</field>
      </fields>
      <libsource lib="Device" part="D_Small" description="Diode, small symbol"/>
      <sheetpath names="/" tstamps="/"/>
      <tstamp>00000420</tstamp>
    </comp>
    <comp ref="RETURN1">
      <value>return</value>
      <footprint>MX_Only:MXOnly-2.25U-ReversedStabilizers-NoLED</footprint>
      <libsource lib="MX_Alps_Hybrid" part="MX-NoLED" description=""/>
      <sheetpath names="/" tstamps="/"/>
      <tstamp>00000431</tstamp>
    </comp>
    <comp ref="D_43">
      <value>D</value>
      <footprint>Diode_SMD:D_SOD-123</footprint>
      <datasheet>~</datasheet>
      <fields>
        <field name="JLC">C64898</field>
      </fields>
      <libsource lib="Device" part="D_Small" description="Diode, small symbol"/>
      <sheetpath names="/" tstamps="/"/>
      <tstamp>00000430</tstamp>
    </comp>
    <comp ref="SHIFT1">
      <value>lshift</value>
      <footprint>MX_Only:MXOnly-2.25U-NoLED</footprint>
      <libsource lib="MX_Alps_Hybrid" part="MX-NoLED" description=""/>
      <sheetpath names="/" tstamps="/"/>
      <tstamp>00000451</tstamp>
    </comp>
    <comp ref="D_45">
      <value>D</value>
      <footprint>Diode_SMD:D_SOD-123</footprint>
      <datasheet>~</datasheet>
      <fields>
        <field name="JLC">C64898</field>
      </fields>
      <libsource lib="Device" part="D_Small" description="Diode, small symbol"/>
      <sheetpath names="/" tstamps="/"/>
      <tstamp>00000450</tstamp>
    </comp>
    <comp ref="Z1">
      <value>z</value>
      <footprint>MX_Only:MXOnly-1U-NoLED</footprint>
      <libsource lib="MX_Alps_Hybrid" part="MX-NoLED" description=""/>
      <sheetpath names="/" tstamps="/"/>
      <tstamp>00000461</tstamp>
    </comp>
    <comp ref="D_46">
      <value>D</value>
      <footprint>Diode_SMD:D_SOD-123</footprint>
      <datasheet>~</datasheet>
      <fields>
        <field name="JLC">C64898</field>
      </fields>
      <libsource lib="Device" part="D_Small" description="Diode, small symbol"/>
      <sheetpath names="/" tstamps="/"/>
      <tstamp>00000460</tstamp>
    </comp>
    <comp ref="X1">
      <value>x</value>
      <footprint>MX_Only:MXOnly-1U-NoLED</footprint>
      <libsource lib="MX_Alps_Hybrid" part="MX-NoLED" description=""/>
      <sheetpath names="/" tstamps="/"/>
      <tstamp>00000471</tstamp>
    </comp>
    <comp ref="D_47">
      <value>D</value>
      <footprint>Diode_SMD:D_SOD-123</footprint>
      <datasheet>~</datasheet>
      <fields>
        <field name="JLC">C64898</field>
      </fields>
      <libsource lib="Device" part="D_Small" description="Diode, small symbol"/>
      <sheetpath names="/" tstamps="/"/>
      <tstamp>00000470</tstamp>
    </comp>
    <comp ref="C8">
      <value>c</value>
      <footprint>MX_Only:MXOnly-1U-NoLED</footprint>
      <libsource lib="MX_Alps_Hybrid" part="MX-NoLED" description=""/>
      <sheetpath names="/" tstamps="/"/>
      <tstamp>00000481</tstamp>
    </comp>
    <comp ref="D_48">
      <value>D</value>
      <footprint>Diode_SMD:D_SOD-123</footprint>
      <datasheet>~</datasheet>
      <fields>
        <field name="JLC">C64898</field>
      </fields>
      <libsource lib="Device" part="D_Small" description="Diode, small symbol"/>
      <sheetpath names="/" tstamps="/"/>
      <tstamp>00000480</tstamp>
    </comp>
    <comp ref="V1">
      <value>v</value>
      <footprint>MX_Only:MXOnly-1U-NoLED</footprint>
      <libsource lib="MX_Alps_Hybrid" part="MX-NoLED" description=""/>
      <sheetpath names="/" tstamps="/"/>
      <tstamp>00000491</tstamp>
    </comp>
    <comp ref="D_49">
      <value>D</value>
      <footprint>Diode_SMD:D_SOD-123</footprint>
      <datasheet>~</datasheet>
      <fields>
        <field name="JLC">C64898</field>
      </fields>
      <libsource lib="Device" part="D_Small" description="Diode, small symbol"/>
      <sheetpath names="/" tstamps="/"/>
      <tstamp>00000490</tstamp>
    </comp>
    <comp ref="B1">
      <value>b</value>
      <footprint>MX_Only:MXOnly-1U-NoLED</footprint>
      <libsource lib="MX_Alps_Hybrid" part="MX-NoLED" description=""/>
      <sheetpath names="/" tstamps="/"/>
      <tstamp>00000501</tstamp>
    </comp>
    <comp ref="D_50">
      <value>D</value>
      <footprint>Diode_SMD:D_SOD-123</footprint>
      <datasheet>~</datasheet>
      <fields>
        <field name="JLC">C64898</field>
      </fields>
      <libsource lib="Device" part="D_Small" description="Diode, small symbol"/>
      <sheetpath names="/" tstamps="/"/>
      <tstamp>00000500</tstamp>
    </comp>
    <comp ref="B2">
      <value>b2</value>
      <footprint>MX_Only:MXOnly-1U-NoLED</footprint>
      <libsource lib="MX_Alps_Hybrid" part="MX-NoLED" description=""/>
      <sheetpath names="/" tstamps="/"/>
      <tstamp>00000511</tstamp>
    </comp>
    <comp ref="D_51">
      <value>D</value>
      <footprint>Diode_SMD:D_SOD-123</footprint>
      <datasheet>~</datasheet>
      <fields>
        <field name="JLC">C64898</field>
      </fields>
      <libsource lib="Device" part="D_Small" description="Diode, small symbol"/>
      <sheetpath names="/" tstamps="/"/>
      <tstamp>00000510</tstamp>
    </comp>
    <comp ref="N1">
      <value>n</value>
      <footprint>MX_Only:MXOnly-1U-NoLED</footprint>
      <libsource lib="MX_Alps_Hybrid" part="MX-NoLED" description=""/>
      <sheetpath names="/" tstamps="/"/>
      <tstamp>00000521</tstamp>
    </comp>
    <comp ref="D_52">
      <value>D</value>
      <footprint>Diode_SMD:D_SOD-123</footprint>
      <datasheet>~</datasheet>
      <fields>
        <field name="JLC">C64898</field>
      </fields>
      <libsource lib="Device" part="D_Small" description="Diode, small symbol"/>
      <sheetpath names="/" tstamps="/"/>
      <tstamp>00000520</tstamp>
    </comp>
    <comp ref="M1">
      <value>KEYSW</value>
      <footprint>MX_Only:MXOnly-1U-NoLED</footprint>
      <libsource lib="MX_Alps_Hybrid" part="MX-NoLED" description=""/>
      <sheetpath names="/" tstamps="/"/>
      <tstamp>00000531</tstamp>
    </comp>
    <comp ref="D_53">
      <value>D</value>
      <footprint>Diode_SMD:D_SOD-123</footprint>
      <datasheet>~</datasheet>
      <fields>
        <field name="JLC">C64898</field>
      </fields>
      <libsource lib="Device" part="D_Small" description="Diode, small symbol"/>
      <sheetpath names="/" tstamps="/"/>
      <tstamp>00000530</tstamp>
    </comp>
    <comp ref=",&lt;1">
      <value>,&lt;</value>
      <footprint>MX_Only:MXOnly-1U-NoLED</footprint>
      <libsource lib="MX_Alps_Hybrid" part="MX-NoLED" description=""/>
      <sheetpath names="/" tstamps="/"/>
      <tstamp>00000541</tstamp>
    </comp>
    <comp ref="D_54">
      <value>D</value>
      <footprint>Diode_SMD:D_SOD-123</footprint>
      <datasheet>~</datasheet>
      <fields>
        <field name="JLC">C64898</field>
      </fields>
      <libsource lib="Device" part="D_Small" description="Diode, small symbol"/>
      <sheetpath names="/" tstamps="/"/>
      <tstamp>00000540</tstamp>
    </comp>
    <comp ref=".&gt;1">
      <value>.&gt;</value>
      <footprint>MX_Only:MXOnly-1U-NoLED</footprint>
      <libsource lib="MX_Alps_Hybrid" part="MX-NoLED" description=""/>
      <sheetpath names="/" tstamps="/"/>
      <tstamp>00000551</tstamp>
    </comp>
    <comp ref="D_55">
      <value>D</value>
      <footprint>Diode_SMD:D_SOD-123</footprint>
      <datasheet>~</datasheet>
      <fields>
        <field name="JLC">C64898</field>
      </fields>
      <libsource lib="Device" part="D_Small" description="Diode, small symbol"/>
      <sheetpath names="/" tstamps="/"/>
      <tstamp>00000550</tstamp>
    </comp>
    <comp ref="/1">
      <value>/</value>
      <footprint>MX_Only:MXOnly-1U-NoLED</footprint>
      <libsource lib="MX_Alps_Hybrid" part="MX-NoLED" description=""/>
      <sheetpath names="/" tstamps="/"/>
      <tstamp>00000561</tstamp>
    </comp>
    <comp ref="D_56">
      <value>D</value>
      <footprint>Diode_SMD:D_SOD-123</footprint>
      <datasheet>~</datasheet>
      <fields>
        <field name="JLC">C64898</field>
      </fields>
      <libsource lib="Device" part="D_Small" description="Diode, small symbol"/>
      <sheetpath names="/" tstamps="/"/>
      <tstamp>00000560</tstamp>
    </comp>
    <comp ref="RSHIFT1">
      <value>rshift1</value>
      <footprint>MX_Only:MXOnly-1.75U-NoLED</footprint>
      <libsource lib="MX_Alps_Hybrid" part="MX-NoLED" description=""/>
      <sheetpath names="/" tstamps="/"/>
      <tstamp>00000571</tstamp>
    </comp>
    <comp ref="D_57">
      <value>D</value>
      <footprint>Diode_SMD:D_SOD-123</footprint>
      <datasheet>~</datasheet>
      <fields>
        <field name="JLC">C64898</field>
      </fields>
      <libsource lib="Device" part="D_Small" description="Diode, small symbol"/>
      <sheetpath names="/" tstamps="/"/>
      <tstamp>00000570</tstamp>
    </comp>
    <comp ref="CTRL1">
      <value>lctrl</value>
      <footprint>MX_Only:MXOnly-1.5U-NoLED</footprint>
      <libsource lib="MX_Alps_Hybrid" part="MX-NoLED" description=""/>
      <sheetpath names="/" tstamps="/"/>
      <tstamp>00000581</tstamp>
    </comp>
    <comp ref="D_58">
      <value>D</value>
      <footprint>Diode_SMD:D_SOD-123</footprint>
      <datasheet>~</datasheet>
      <fields>
        <field name="JLC">C64898</field>
      </fields>
      <libsource lib="Device" part="D_Small" description="Diode, small symbol"/>
      <sheetpath names="/" tstamps="/"/>
      <tstamp>00000580</tstamp>
    </comp>
    <comp ref="ALT1">
      <value>lalt</value>
      <footprint>MX_Only:MXOnly-1.5U-NoLED</footprint>
      <libsource lib="MX_Alps_Hybrid" part="MX-NoLED" description=""/>
      <sheetpath names="/" tstamps="/"/>
      <tstamp>00000591</tstamp>
    </comp>
    <comp ref="D_59">
      <value>D</value>
      <footprint>Diode_SMD:D_SOD-123</footprint>
      <datasheet>~</datasheet>
      <fields>
        <field name="JLC">C64898</field>
      </fields>
      <libsource lib="Device" part="D_Small" description="Diode, small symbol"/>
      <sheetpath names="/" tstamps="/"/>
      <tstamp>00000590</tstamp>
    </comp>
    <comp ref="SPCE2">
      <value>lgui2</value>
      <footprint>MX_Only:MXOnly-2U-ReversedStabilizers-NoLED</footprint>
      <libsource lib="MX_Alps_Hybrid" part="MX-NoLED" description=""/>
      <sheetpath names="/" tstamps="/"/>
      <tstamp>00000601</tstamp>
    </comp>
    <comp ref="D_60">
      <value>D</value>
      <footprint>Diode_SMD:D_SOD-123</footprint>
      <datasheet>~</datasheet>
      <fields>
        <field name="JLC">C64898</field>
      </fields>
      <libsource lib="Device" part="D_Small" description="Diode, small symbol"/>
      <sheetpath names="/" tstamps="/"/>
      <tstamp>00000600</tstamp>
    </comp>
    <comp ref="FUNC2">
      <value>func1-2</value>
      <footprint>MX_Only:MXOnly-1.25U-NoLED</footprint>
      <libsource lib="MX_Alps_Hybrid" part="MX-NoLED" description=""/>
      <sheetpath names="/" tstamps="/"/>
      <tstamp>00000611</tstamp>
    </comp>
    <comp ref="D_61">
      <value>D</value>
      <footprint>Diode_SMD:D_SOD-123</footprint>
      <datasheet>~</datasheet>
      <fields>
        <field name="JLC">C64898</field>
      </fields>
      <libsource lib="Device" part="D_Small" description="Diode, small symbol"/>
      <sheetpath names="/" tstamps="/"/>
      <tstamp>00000610</tstamp>
    </comp>
    <comp ref="space2">
      <value>KEYSW</value>
      <footprint>MX_Only:MXOnly-2.75U-ReversedStabilizers-NoLED</footprint>
      <libsource lib="MX_Alps_Hybrid" part="MX-NoLED" description=""/>
      <sheetpath names="/" tstamps="/"/>
      <tstamp>00000621</tstamp>
    </comp>
    <comp ref="D_62">
      <value>D</value>
      <footprint>Diode_SMD:D_SOD-123</footprint>
      <datasheet>~</datasheet>
      <fields>
        <field name="JLC">C64898</field>
      </fields>
      <libsource lib="Device" part="D_Small" description="Diode, small symbol"/>
      <sheetpath names="/" tstamps="/"/>
      <tstamp>00000620</tstamp>
    </comp>
    <comp ref="RALT1">
      <value>ralt</value>
      <footprint>MX_Only:MXOnly-1.5U-NoLED</footprint>
      <libsource lib="MX_Alps_Hybrid" part="MX-NoLED" description=""/>
      <sheetpath names="/" tstamps="/"/>
      <tstamp>00000631</tstamp>
    </comp>
    <comp ref="D_63">
      <value>D</value>
      <footprint>Diode_SMD:D_SOD-123</footprint>
      <datasheet>~</datasheet>
      <fields>
        <field name="JLC">C64898</field>
      </fields>
      <libsource lib="Device" part="D_Small" description="Diode, small symbol"/>
      <sheetpath names="/" tstamps="/"/>
      <tstamp>00000630</tstamp>
    </comp>
    <comp ref="RCTL1">
      <value>RCTRL</value>
      <footprint>MX_Only:MXOnly-1.5U-NoLED</footprint>
      <libsource lib="MX_Alps_Hybrid" part="MX-NoLED" description=""/>
      <sheetpath names="/" tstamps="/"/>
      <tstamp>00000641</tstamp>
    </comp>
    <comp ref="D_64">
      <value>D</value>
      <footprint>Diode_SMD:D_SOD-123</footprint>
      <datasheet>~</datasheet>
      <fields>
        <field name="JLC">C64898</field>
      </fields>
      <libsource lib="Device" part="D_Small" description="Diode, small symbol"/>
      <sheetpath names="/" tstamps="/"/>
      <tstamp>00000640</tstamp>
    </comp>
    <comp ref="FUNCT1">
      <value>FUNC3</value>
      <footprint>MX_Only:MXOnly-1U-NoLED</footprint>
      <libsource lib="MX_Alps_Hybrid" part="MX-NoLED" description=""/>
      <sheetpath names="/" tstamps="/"/>
      <tstamp>00000651</tstamp>
    </comp>
    <comp ref="D_65">
      <value>D</value>
      <footprint>Diode_SMD:D_SOD-123</footprint>
      <datasheet>~</datasheet>
      <fields>
        <field name="JLC">C64898</field>
      </fields>
      <libsource lib="Device" part="D_Small" description="Diode, small symbol"/>
      <sheetpath names="/" tstamps="/"/>
      <tstamp>00000650</tstamp>
    </comp>
    <comp ref="CAPS2">
      <value>stcaps</value>
      <footprint>MX_Only:MXOnly-1U-NoLED</footprint>
      <libsource lib="MX_Alps_Hybrid" part="MX-NoLED" description=""/>
      <sheetpath names="/" tstamps="/"/>
      <tstamp>5EF1A2AA</tstamp>
    </comp>
    <comp ref="lgui1">
      <value>lgui</value>
      <footprint>MX_Only:MXOnly-2.25U-ReversedStabilizers-NoLED</footprint>
      <libsource lib="MX_Alps_Hybrid" part="MX-NoLED" description=""/>
      <sheetpath names="/" tstamps="/"/>
      <tstamp>5EF9E706</tstamp>
    </comp>
    <comp ref="FUNC1">
      <value>func1</value>
      <footprint>MX_Only:MXOnly-1U-NoLED</footprint>
      <libsource lib="MX_Alps_Hybrid" part="MX-NoLED" description=""/>
      <sheetpath names="/" tstamps="/"/>
      <tstamp>5F012DB5</tstamp>
    </comp>
    <comp ref="C1">
      <value>0.1 uf</value>
      <footprint>Capacitor_SMD:C_0805_2012Metric</footprint>
      <datasheet>~</datasheet>
      <libsource lib="Device" part="C_Small" description="Unpolarized capacitor, small symbol"/>
      <sheetpath names="/" tstamps="/"/>
      <tstamp>5F4395C8</tstamp>
    </comp>
    <comp ref="C4">
      <value>0.1 uf</value>
      <footprint>Capacitor_SMD:C_0805_2012Metric</footprint>
      <datasheet>~</datasheet>
      <libsource lib="Device" part="C_Small" description="Unpolarized capacitor, small symbol"/>
      <sheetpath names="/" tstamps="/"/>
      <tstamp>5F4F1917</tstamp>
    </comp>
    <comp ref="C5">
      <value>0.1 uf</value>
      <footprint>Capacitor_SMD:C_0805_2012Metric</footprint>
      <datasheet>~</datasheet>
      <libsource lib="Device" part="C_Small" description="Unpolarized capacitor, small symbol"/>
      <sheetpath names="/" tstamps="/"/>
      <tstamp>5F50B1C9</tstamp>
    </comp>
    <comp ref="C7">
      <value>100uf</value>
      <footprint>Capacitor_SMD:C_0805_2012Metric</footprint>
      <datasheet>~</datasheet>
      <libsource lib="Device" part="C_Small" description="Unpolarized capacitor, small symbol"/>
      <sheetpath names="/" tstamps="/"/>
      <tstamp>5F524892</tstamp>
    </comp>
    <comp ref="R4">
      <value>10k</value>
      <footprint>Resistor_SMD:R_0805_2012Metric</footprint>
      <datasheet>~</datasheet>
      <libsource lib="Device" part="R_Small" description="Resistor, small symbol"/>
      <sheetpath names="/" tstamps="/"/>
      <tstamp>5F673DD3</tstamp>
    </comp>
    <comp ref="R1">
      <value>22</value>
      <footprint>Resistor_SMD:R_0805_2012Metric</footprint>
      <datasheet>~</datasheet>
      <libsource lib="Device" part="R_Small" description="Resistor, small symbol"/>
      <sheetpath names="/" tstamps="/"/>
      <tstamp>5F6B1663</tstamp>
    </comp>
    <comp ref="R2">
      <value>22</value>
      <footprint>Resistor_SMD:R_0805_2012Metric</footprint>
      <datasheet>~</datasheet>
      <libsource lib="Device" part="R_Small" description="Resistor, small symbol"/>
      <sheetpath names="/" tstamps="/"/>
      <tstamp>5F6B2E27</tstamp>
    </comp>
    <comp ref="C6">
      <value>1uf</value>
      <footprint>Capacitor_SMD:C_0805_2012Metric</footprint>
      <datasheet>~</datasheet>
      <libsource lib="Device" part="C_Small" description="Unpolarized capacitor, small symbol"/>
      <sheetpath names="/" tstamps="/"/>
      <tstamp>5F749B5F</tstamp>
    </comp>
    <comp ref="Y1">
      <value>16MHZ</value>
      <footprint>Crystal:Crystal_SMD_3225-4Pin_3.2x2.5mm</footprint>
      <datasheet>~</datasheet>
      <libsource lib="Device" part="Crystal_GND24_Small" description="Four pin crystal, GND on pins 2 and 4, small symbol"/>
      <sheetpath names="/" tstamps="/"/>
      <tstamp>5F00E16D</tstamp>
    </comp>
    <comp ref="C2">
      <value>22pF</value>
      <footprint>Capacitor_SMD:C_0805_2012Metric</footprint>
      <datasheet>~</datasheet>
      <libsource lib="Device" part="C_Small" description="Unpolarized capacitor, small symbol"/>
      <sheetpath names="/" tstamps="/"/>
      <tstamp>5F04FE58</tstamp>
    </comp>
    <comp ref="C3">
      <value>22pF</value>
      <footprint>Capacitor_SMD:C_0805_2012Metric</footprint>
      <datasheet>~</datasheet>
      <libsource lib="Device" part="C_Small" description="Unpolarized capacitor, small symbol"/>
      <sheetpath names="/" tstamps="/"/>
      <tstamp>5F051795</tstamp>
    </comp>
    <comp ref="SW1">
      <value>SW_Push</value>
      <footprint>Button_Switch_SMD:SW_SPST_SKQG_WithStem</footprint>
      <datasheet>~</datasheet>
      <libsource lib="Switch" part="SW_Push" description="Push button switch, generic, two pins"/>
      <sheetpath names="/" tstamps="/"/>
      <tstamp>5F11D5DD</tstamp>
    </comp>
    <comp ref="R3">
      <value>10k</value>
      <footprint>Resistor_SMD:R_0805_2012Metric</footprint>
      <datasheet>~</datasheet>
      <libsource lib="Device" part="R_Small" description="Resistor, small symbol"/>
      <sheetpath names="/" tstamps="/"/>
      <tstamp>5F1685EE</tstamp>
    </comp>
    <comp ref="F1">
      <value>Polyfuse</value>
      <footprint>Fuse:Fuse_1206_3216Metric</footprint>
      <datasheet>~</datasheet>
      <libsource lib="Device" part="Polyfuse" description="Resettable fuse, polymeric positive temperature coefficient"/>
      <sheetpath names="/" tstamps="/"/>
      <tstamp>5F29EDDE</tstamp>
    </comp>
    <comp ref="USB1">
      <value>HRO-TYPE-C-31-M-12</value>
      <footprint>Type-C:HRO-TYPE-C-31-M-12-jlc</footprint>
      <libsource lib="Type-C" part="HRO-TYPE-C-31-M-12" description=""/>
      <sheetpath names="/" tstamps="/"/>
      <tstamp>5F06AC88</tstamp>
    </comp>
    <comp ref="U1">
      <value>ATmega32U4-AU</value>
      <footprint>Package_QFP:TQFP-44_10x10mm_P0.8mm</footprint>
      <datasheet>http://ww1.microchip.com/downloads/en/DeviceDoc/Atmel-7766-8-bit-AVR-ATmega16U4-32U4_Datasheet.pdf</datasheet>
      <libsource lib="MCU_Microchip_ATmega" part="ATmega32U4-AU" description="16MHz, 32kB Flash, 2.5kB SRAM, 1kB EEPROM, USB 2.0, TQFP-44"/>
      <sheetpath names="/" tstamps="/"/>
      <tstamp>5F17D987</tstamp>
    </comp>
    <comp ref="R8">
      <value>5k1</value>
      <footprint>Resistor_SMD:R_0805_2012Metric</footprint>
      <datasheet>~</datasheet>
      <libsource lib="Device" part="R_Small" description="Resistor, small symbol"/>
      <sheetpath names="/" tstamps="/"/>
      <tstamp>5F05BC0C</tstamp>
    </comp>
    <comp ref="R9">
      <value>5k1</value>
      <footprint>Resistor_SMD:R_0805_2012Metric</footprint>
      <datasheet>~</datasheet>
      <libsource lib="Device" part="R_Small" description="Resistor, small symbol"/>
      <sheetpath names="/" tstamps="/"/>
      <tstamp>5F07F34B</tstamp>
    </comp>
    <comp ref="D1">
      <value>Caps</value>
      <footprint>LED_THT:LED_D3.0mm</footprint>
      <datasheet>~</datasheet>
      <libsource lib="Device" part="LED" description="Light emitting diode"/>
      <sheetpath names="/" tstamps="/"/>
      <tstamp>5F6FBD58</tstamp>
    </comp>
    <comp ref="D3">
      <value>num</value>
      <footprint>LED_THT:LED_D3.0mm</footprint>
      <datasheet>~</datasheet>
      <libsource lib="Device" part="LED" description="Light emitting diode"/>
      <sheetpath names="/" tstamps="/"/>
      <tstamp>5F72A0C0</tstamp>
    </comp>
    <comp ref="R5">
      <value>1k</value>
      <footprint>Resistor_SMD:R_0805_2012Metric</footprint>
      <datasheet>~</datasheet>
      <libsource lib="Device" part="R_Small" description="Resistor, small symbol"/>
      <sheetpath names="/" tstamps="/"/>
      <tstamp>5F7C92E9</tstamp>
    </comp>
    <comp ref="R7">
      <value>1k</value>
      <footprint>Resistor_SMD:R_0805_2012Metric</footprint>
      <datasheet>~</datasheet>
      <libsource lib="Device" part="R_Small" description="Resistor, small symbol"/>
      <sheetpath names="/" tstamps="/"/>
      <tstamp>5F7F1336</tstamp>
    </comp>
    <comp ref="D4">
      <value>WS2812B</value>
      <footprint>LED_SMD:LED_WS2812B_PLCC4_5.0x5.0mm_P3.2mm</footprint>
      <datasheet>https://cdn-shop.adafruit.com/datasheets/WS2812B.pdf</datasheet>
      <libsource lib="LED" part="WS2812B" description="RGB LED with integrated controller"/>
      <sheetpath names="/" tstamps="/"/>
      <tstamp>5F934C67</tstamp>
    </comp>
    <comp ref="D6">
      <value>WS2812B</value>
      <footprint>LED_SMD:LED_WS2812B_PLCC4_5.0x5.0mm_P3.2mm</footprint>
      <datasheet>https://cdn-shop.adafruit.com/datasheets/WS2812B.pdf</datasheet>
      <libsource lib="LED" part="WS2812B" description="RGB LED with integrated controller"/>
      <sheetpath names="/" tstamps="/"/>
      <tstamp>5F93657C</tstamp>
    </comp>
    <comp ref="D8">
      <value>WS2812B</value>
      <footprint>LED_SMD:LED_WS2812B_PLCC4_5.0x5.0mm_P3.2mm</footprint>
      <datasheet>https://cdn-shop.adafruit.com/datasheets/WS2812B.pdf</datasheet>
      <libsource lib="LED" part="WS2812B" description="RGB LED with integrated controller"/>
      <sheetpath names="/" tstamps="/"/>
      <tstamp>5F95F134</tstamp>
    </comp>
    <comp ref="D10">
      <value>WS2812B</value>
      <footprint>LED_SMD:LED_WS2812B_PLCC4_5.0x5.0mm_P3.2mm</footprint>
      <datasheet>https://cdn-shop.adafruit.com/datasheets/WS2812B.pdf</datasheet>
      <libsource lib="LED" part="WS2812B" description="RGB LED with integrated controller"/>
      <sheetpath names="/" tstamps="/"/>
      <tstamp>5F9888F4</tstamp>
    </comp>
    <comp ref="D12">
      <value>WS2812B</value>
      <footprint>LED_SMD:LED_WS2812B_PLCC4_5.0x5.0mm_P3.2mm</footprint>
      <datasheet>https://cdn-shop.adafruit.com/datasheets/WS2812B.pdf</datasheet>
      <libsource lib="LED" part="WS2812B" description="RGB LED with integrated controller"/>
      <sheetpath names="/" tstamps="/"/>
      <tstamp>5F9B1406</tstamp>
    </comp>
    <comp ref="D14">
      <value>WS2812B</value>
      <footprint>LED_SMD:LED_WS2812B_PLCC4_5.0x5.0mm_P3.2mm</footprint>
      <datasheet>https://cdn-shop.adafruit.com/datasheets/WS2812B.pdf</datasheet>
      <libsource lib="LED" part="WS2812B" description="RGB LED with integrated controller"/>
      <sheetpath names="/" tstamps="/"/>
      <tstamp>5F9D9A36</tstamp>
    </comp>
    <comp ref="D16">
      <value>WS2812B</value>
      <footprint>LED_SMD:LED_WS2812B_PLCC4_5.0x5.0mm_P3.2mm</footprint>
      <datasheet>https://cdn-shop.adafruit.com/datasheets/WS2812B.pdf</datasheet>
      <libsource lib="LED" part="WS2812B" description="RGB LED with integrated controller"/>
      <sheetpath names="/" tstamps="/"/>
      <tstamp>5FA023DA</tstamp>
    </comp>
    <comp ref="D15">
      <value>WS2812B</value>
      <footprint>LED_SMD:LED_WS2812B_PLCC4_5.0x5.0mm_P3.2mm</footprint>
      <datasheet>https://cdn-shop.adafruit.com/datasheets/WS2812B.pdf</datasheet>
      <libsource lib="LED" part="WS2812B" description="RGB LED with integrated controller"/>
      <sheetpath names="/" tstamps="/"/>
      <tstamp>5FA53B48</tstamp>
    </comp>
    <comp ref="D13">
      <value>WS2812B</value>
      <footprint>LED_SMD:LED_WS2812B_PLCC4_5.0x5.0mm_P3.2mm</footprint>
      <datasheet>https://cdn-shop.adafruit.com/datasheets/WS2812B.pdf</datasheet>
      <libsource lib="LED" part="WS2812B" description="RGB LED with integrated controller"/>
      <sheetpath names="/" tstamps="/"/>
      <tstamp>5FA7C7E2</tstamp>
    </comp>
    <comp ref="D11">
      <value>WS2812B</value>
      <footprint>LED_SMD:LED_WS2812B_PLCC4_5.0x5.0mm_P3.2mm</footprint>
      <datasheet>https://cdn-shop.adafruit.com/datasheets/WS2812B.pdf</datasheet>
      <libsource lib="LED" part="WS2812B" description="RGB LED with integrated controller"/>
      <sheetpath names="/" tstamps="/"/>
      <tstamp>5FAA58E4</tstamp>
    </comp>
    <comp ref="D7">
      <value>WS2812B</value>
      <footprint>LED_SMD:LED_WS2812B_PLCC4_5.0x5.0mm_P3.2mm</footprint>
      <datasheet>https://cdn-shop.adafruit.com/datasheets/WS2812B.pdf</datasheet>
      <libsource lib="LED" part="WS2812B" description="RGB LED with integrated controller"/>
      <sheetpath names="/" tstamps="/"/>
      <tstamp>5FAF736A</tstamp>
    </comp>
    <comp ref="D5">
      <value>WS2812B</value>
      <footprint>LED_SMD:LED_WS2812B_PLCC4_5.0x5.0mm_P3.2mm</footprint>
      <datasheet>https://cdn-shop.adafruit.com/datasheets/WS2812B.pdf</datasheet>
      <libsource lib="LED" part="WS2812B" description="RGB LED with integrated controller"/>
      <sheetpath names="/" tstamps="/"/>
      <tstamp>5FB200CC</tstamp>
    </comp>
    <comp ref="D9">
      <value>WS2812B</value>
      <footprint>LED_SMD:LED_WS2812B_PLCC4_5.0x5.0mm_P3.2mm</footprint>
      <datasheet>https://cdn-shop.adafruit.com/datasheets/WS2812B.pdf</datasheet>
      <libsource lib="LED" part="WS2812B" description="RGB LED with integrated controller"/>
      <sheetpath names="/" tstamps="/"/>
      <tstamp>5FD98FA6</tstamp>
    </comp>
    <comp ref="D_44">
      <value>D</value>
      <footprint>Diode_SMD:D_SOD-123</footprint>
      <datasheet>~</datasheet>
      <fields>
        <field name="JLC">C64898</field>
      </fields>
      <libsource lib="Device" part="D_Small" description="Diode, small symbol"/>
      <sheetpath names="/" tstamps="/"/>
      <tstamp>5F2AC582</tstamp>
    </comp>
    <comp ref="F2">
      <value>f</value>
      <footprint>MX_Only:MXOnly-1U-NoLED</footprint>
      <libsource lib="MX_Alps_Hybrid" part="MX-NoLED" description=""/>
      <sheetpath names="/" tstamps="/"/>
      <tstamp>00000351</tstamp>
    </comp>
    <comp ref="R6">
      <value>1k</value>
      <footprint>Resistor_SMD:R_0805_2012Metric</footprint>
      <datasheet>~</datasheet>
      <libsource lib="Device" part="R_Small" description="Resistor, small symbol"/>
      <sheetpath names="/" tstamps="/"/>
      <tstamp>5F7CAACE</tstamp>
    </comp>
    <comp ref="D2">
      <value>Scrol</value>
      <footprint>LED_THT:LED_D3.0mm</footprint>
      <datasheet>~</datasheet>
      <libsource lib="Device" part="LED" description="Light emitting diode"/>
      <sheetpath names="/" tstamps="/"/>
      <tstamp>5F703612</tstamp>
    </comp>
    <comp ref="D_14">
      <value>D</value>
      <footprint>Diode_SMD:D_SOD-123</footprint>
      <datasheet>~</datasheet>
      <fields>
        <field name="JLC">C64898</field>
      </fields>
      <libsource lib="Device" part="D_Small" description="Diode, small symbol"/>
      <sheetpath names="/" tstamps="/"/>
      <tstamp>00000140</tstamp>
    </comp>
    <comp ref="BACKSPACE1">
      <value>backspace</value>
      <footprint>MX_Only:MXOnly-2U-NoLED</footprint>
      <libsource lib="MX_Alps_Hybrid" part="MX-NoLED" description=""/>
      <sheetpath names="/" tstamps="/"/>
      <tstamp>5F10BB72</tstamp>
    </comp>
    <comp ref="SPLIT_BKS1">
      <value>sbbackspace2</value>
      <footprint>MX_Only:MXOnly-1U-NoLED</footprint>
      <libsource lib="MX_Alps_Hybrid" part="MX-NoLED" description=""/>
      <sheetpath names="/" tstamps="/"/>
      <tstamp>5F21A7FF</tstamp>
    </comp>
    <comp ref="RSHIFT2">
      <value>rshift2</value>
      <footprint>MX_Only:MXOnly-2.75U-NoLED</footprint>
      <libsource lib="MX_Alps_Hybrid" part="MX-NoLED" description=""/>
      <sheetpath names="/" tstamps="/"/>
      <tstamp>5F1593E1</tstamp>
    </comp>
    <comp ref="K_14">
      <value>sbackspace</value>
      <footprint>MX_Only:MXOnly-1U-NoLED</footprint>
      <libsource lib="MX_Alps_Hybrid" part="MX-NoLED" description=""/>
      <sheetpath names="/" tstamps="/"/>
      <tstamp>00000141</tstamp>
    </comp>
    <comp ref="C9">
      <value>0.1 uf</value>
      <footprint>Capacitor_SMD:C_0805_2012Metric</footprint>
      <datasheet>~</datasheet>
      <libsource lib="Device" part="C_Small" description="Unpolarized capacitor, small symbol"/>
      <sheetpath names="/" tstamps="/"/>
      <tstamp>5F07C850</tstamp>
    </comp>
    <comp ref="C11">
      <value>0.1 uf</value>
      <footprint>Capacitor_SMD:C_0805_2012Metric</footprint>
      <datasheet>~</datasheet>
      <libsource lib="Device" part="C_Small" description="Unpolarized capacitor, small symbol"/>
      <sheetpath names="/" tstamps="/"/>
      <tstamp>5F114E11</tstamp>
    </comp>
    <comp ref="C13">
      <value>0.1 uf</value>
      <footprint>Capacitor_SMD:C_0805_2012Metric</footprint>
      <datasheet>~</datasheet>
      <libsource lib="Device" part="C_Small" description="Unpolarized capacitor, small symbol"/>
      <sheetpath names="/" tstamps="/"/>
      <tstamp>5F14586F</tstamp>
    </comp>
    <comp ref="C15">
      <value>0.1 uf</value>
      <footprint>Capacitor_SMD:C_0805_2012Metric</footprint>
      <datasheet>~</datasheet>
      <libsource lib="Device" part="C_Small" description="Unpolarized capacitor, small symbol"/>
      <sheetpath names="/" tstamps="/"/>
      <tstamp>5F176101</tstamp>
    </comp>
    <comp ref="C17">
      <value>0.1 uf</value>
      <footprint>Capacitor_SMD:C_0805_2012Metric</footprint>
      <datasheet>~</datasheet>
      <libsource lib="Device" part="C_Small" description="Unpolarized capacitor, small symbol"/>
      <sheetpath names="/" tstamps="/"/>
      <tstamp>5F1A688A</tstamp>
    </comp>
    <comp ref="C19">
      <value>0.1 uf</value>
      <footprint>Capacitor_SMD:C_0805_2012Metric</footprint>
      <datasheet>~</datasheet>
      <libsource lib="Device" part="C_Small" description="Unpolarized capacitor, small symbol"/>
      <sheetpath names="/" tstamps="/"/>
      <tstamp>5F1D7492</tstamp>
    </comp>
    <comp ref="C10">
      <value>0.1 uf</value>
      <footprint>Capacitor_SMD:C_0805_2012Metric</footprint>
      <datasheet>~</datasheet>
      <libsource lib="Device" part="C_Small" description="Unpolarized capacitor, small symbol"/>
      <sheetpath names="/" tstamps="/"/>
      <tstamp>5F269372</tstamp>
    </comp>
    <comp ref="C12">
      <value>0.1 uf</value>
      <footprint>Capacitor_SMD:C_0805_2012Metric</footprint>
      <datasheet>~</datasheet>
      <libsource lib="Device" part="C_Small" description="Unpolarized capacitor, small symbol"/>
      <sheetpath names="/" tstamps="/"/>
      <tstamp>5F299E3E</tstamp>
    </comp>
    <comp ref="C14">
      <value>0.1 uf</value>
      <footprint>Capacitor_SMD:C_0805_2012Metric</footprint>
      <datasheet>~</datasheet>
      <libsource lib="Device" part="C_Small" description="Unpolarized capacitor, small symbol"/>
      <sheetpath names="/" tstamps="/"/>
      <tstamp>5F2FC32C</tstamp>
    </comp>
    <comp ref="C16">
      <value>0.1 uf</value>
      <footprint>Capacitor_SMD:C_0805_2012Metric</footprint>
      <datasheet>~</datasheet>
      <libsource lib="Device" part="C_Small" description="Unpolarized capacitor, small symbol"/>
      <sheetpath names="/" tstamps="/"/>
      <tstamp>5F32CDA5</tstamp>
    </comp>
    <comp ref="C18">
      <value>0.1 uf</value>
      <footprint>Capacitor_SMD:C_0805_2012Metric</footprint>
      <datasheet>~</datasheet>
      <libsource lib="Device" part="C_Small" description="Unpolarized capacitor, small symbol"/>
      <sheetpath names="/" tstamps="/"/>
      <tstamp>5F35D68E</tstamp>
    </comp>
    <comp ref="C20">
      <value>0.1 uf</value>
      <footprint>Capacitor_SMD:C_0805_2012Metric</footprint>
      <datasheet>~</datasheet>
      <libsource lib="Device" part="C_Small" description="Unpolarized capacitor, small symbol"/>
      <sheetpath names="/" tstamps="/"/>
      <tstamp>5F38E0E6</tstamp>
    </comp>
    <comp ref="C21">
      <value>0.1 uf</value>
      <footprint>Capacitor_SMD:C_0805_2012Metric</footprint>
      <datasheet>~</datasheet>
      <libsource lib="Device" part="C_Small" description="Unpolarized capacitor, small symbol"/>
      <sheetpath names="/" tstamps="/"/>
      <tstamp>5F3F047E</tstamp>
    </comp>
  </components>
  <libparts>
    <libpart lib="Device" part="C_Small">
      <description>Unpolarized capacitor, small symbol</description>
      <docs>~</docs>
      <footprints>
        <fp>C_*</fp>
      </footprints>
      <fields>
        <field name="Reference">C</field>
        <field name="Value">C_Small</field>
      </fields>
      <pins>
        <pin num="1" name="~" type="passive"/>
        <pin num="2" name="~" type="passive"/>
      </pins>
    </libpart>
    <libpart lib="Device" part="Crystal_GND24_Small">
      <description>Four pin crystal, GND on pins 2 and 4, small symbol</description>
      <docs>~</docs>
      <footprints>
        <fp>Crystal*</fp>
      </footprints>
      <fields>
        <field name="Reference">Y</field>
        <field name="Value">Crystal_GND24_Small</field>
      </fields>
      <pins>
        <pin num="1" name="1" type="passive"/>
        <pin num="2" name="2" type="passive"/>
        <pin num="3" name="3" type="passive"/>
        <pin num="4" name="4" type="passive"/>
      </pins>
    </libpart>
    <libpart lib="Device" part="D_Small">
      <description>Diode, small symbol</description>
      <docs>~</docs>
      <footprints>
        <fp>TO-???*</fp>
        <fp>*_Diode_*</fp>
        <fp>*SingleDiode*</fp>
        <fp>D_*</fp>
      </footprints>
      <fields>
        <field name="Reference">D</field>
        <field name="Value">D_Small</field>
      </fields>
      <pins>
        <pin num="1" name="K" type="passive"/>
        <pin num="2" name="A" type="passive"/>
      </pins>
    </libpart>
    <libpart lib="Device" part="LED">
      <description>Light emitting diode</description>
      <docs>~</docs>
      <footprints>
        <fp>LED*</fp>
        <fp>LED_SMD:*</fp>
        <fp>LED_THT:*</fp>
      </footprints>
      <fields>
        <field name="Reference">D</field>
        <field name="Value">LED</field>
      </fields>
      <pins>
        <pin num="1" name="K" type="passive"/>
        <pin num="2" name="A" type="passive"/>
      </pins>
    </libpart>
    <libpart lib="Device" part="Polyfuse">
      <description>Resettable fuse, polymeric positive temperature coefficient</description>
      <docs>~</docs>
      <footprints>
        <fp>*polyfuse*</fp>
        <fp>*PTC*</fp>
      </footprints>
      <fields>
        <field name="Reference">F</field>
        <field name="Value">Polyfuse</field>
      </fields>
      <pins>
        <pin num="1" name="~" type="passive"/>
        <pin num="2" name="~" type="passive"/>
      </pins>
    </libpart>
    <libpart lib="Device" part="R_Small">
      <description>Resistor, small symbol</description>
      <docs>~</docs>
      <footprints>
        <fp>R_*</fp>
      </footprints>
      <fields>
        <field name="Reference">R</field>
        <field name="Value">R_Small</field>
      </fields>
      <pins>
        <pin num="1" name="~" type="passive"/>
        <pin num="2" name="~" type="passive"/>
      </pins>
    </libpart>
    <libpart lib="LED" part="WS2812B">
      <description>RGB LED with integrated controller</description>
      <docs>https://cdn-shop.adafruit.com/datasheets/WS2812B.pdf</docs>
      <footprints>
        <fp>LED*WS2812*PLCC*5.0x5.0mm*P3.2mm*</fp>
      </footprints>
      <fields>
        <field name="Reference">D</field>
        <field name="Value">WS2812B</field>
        <field name="Footprint">LED_SMD:LED_WS2812B_PLCC4_5.0x5.0mm_P3.2mm</field>
      </fields>
      <pins>
        <pin num="1" name="VDD" type="power_in"/>
        <pin num="2" name="DOUT" type="output"/>
        <pin num="3" name="VSS" type="power_in"/>
        <pin num="4" name="DIN" type="input"/>
      </pins>
    </libpart>
    <libpart lib="MCU_Microchip_ATmega" part="ATmega16U4-AU">
      <aliases>
        <alias>ATmega16U4RC-AU</alias>
        <alias>ATmega32U4-AU</alias>
        <alias>ATmega32U4RC-AU</alias>
      </aliases>
      <description>16MHz, 16kB Flash, 1.25kB SRAM, 512B EEPROM, USB 2.0, TQFP-44</description>
      <docs>http://ww1.microchip.com/downloads/en/DeviceDoc/Atmel-7766-8-bit-AVR-ATmega16U4-32U4_Datasheet.pdf</docs>
      <footprints>
        <fp>TQFP*10x10mm*P0.8mm*</fp>
      </footprints>
      <fields>
        <field name="Reference">U</field>
        <field name="Value">ATmega16U4-AU</field>
        <field name="Footprint">Package_QFP:TQFP-44_10x10mm_P0.8mm</field>
      </fields>
      <pins>
        <pin num="1" name="PE6" type="BiDi"/>
        <pin num="2" name="UVCC" type="power_in"/>
        <pin num="3" name="D-" type="BiDi"/>
        <pin num="4" name="D+" type="BiDi"/>
        <pin num="5" name="UGND" type="passive"/>
        <pin num="6" name="UCAP" type="passive"/>
        <pin num="7" name="VBUS" type="input"/>
        <pin num="8" name="PB0" type="BiDi"/>
        <pin num="9" name="PB1" type="BiDi"/>
        <pin num="10" name="PB2" type="BiDi"/>
        <pin num="11" name="PB3" type="BiDi"/>
        <pin num="12" name="PB7" type="BiDi"/>
        <pin num="13" name="~RESET" type="input"/>
        <pin num="14" name="VCC" type="power_in"/>
        <pin num="15" name="GND" type="power_in"/>
        <pin num="16" name="XTAL2" type="output"/>
        <pin num="17" name="XTAL1" type="input"/>
        <pin num="18" name="PD0" type="BiDi"/>
        <pin num="19" name="PD1" type="BiDi"/>
        <pin num="20" name="PD2" type="BiDi"/>
        <pin num="21" name="PD3" type="BiDi"/>
        <pin num="22" name="PD5" type="BiDi"/>
        <pin num="23" name="GND" type="passive"/>
        <pin num="24" name="AVCC" type="power_in"/>
        <pin num="25" name="PD4" type="BiDi"/>
        <pin num="26" name="PD6" type="BiDi"/>
        <pin num="27" name="PD7" type="BiDi"/>
        <pin num="28" name="PB4" type="BiDi"/>
        <pin num="29" name="PB5" type="BiDi"/>
        <pin num="30" name="PB6" type="BiDi"/>
        <pin num="31" name="PC6" type="BiDi"/>
        <pin num="32" name="PC7" type="BiDi"/>
        <pin num="33" name="~HWB~/PE2" type="BiDi"/>
        <pin num="34" name="VCC" type="passive"/>
        <pin num="35" name="GND" type="passive"/>
        <pin num="36" name="PF7" type="BiDi"/>
        <pin num="37" name="PF6" type="BiDi"/>
        <pin num="38" name="PF5" type="BiDi"/>
        <pin num="39" name="PF4" type="BiDi"/>
        <pin num="40" name="PF1" type="BiDi"/>
        <pin num="41" name="PF0" type="BiDi"/>
        <pin num="42" name="AREF" type="passive"/>
        <pin num="43" name="GND" type="passive"/>
        <pin num="44" name="AVCC" type="passive"/>
      </pins>
    </libpart>
    <libpart lib="MX_Alps_Hybrid" part="MX-NoLED">
      <fields>
        <field name="Reference">MX</field>
        <field name="Value">MX-NoLED</field>
      </fields>
      <pins>
        <pin num="1" name="COL" type="passive"/>
        <pin num="2" name="ROW" type="passive"/>
      </pins>
    </libpart>
    <libpart lib="Switch" part="SW_Push">
      <description>Push button switch, generic, two pins</description>
      <docs>~</docs>
      <fields>
        <field name="Reference">SW</field>
        <field name="Value">SW_Push</field>
      </fields>
      <pins>
        <pin num="1" name="1" type="passive"/>
        <pin num="2" name="2" type="passive"/>
      </pins>
    </libpart>
    <libpart lib="Type-C" part="HRO-TYPE-C-31-M-12">
      <fields>
        <field name="Reference">USB</field>
        <field name="Value">HRO-TYPE-C-31-M-12</field>
      </fields>
      <pins>
        <pin num="1" name="GND" type="input"/>
        <pin num="2" name="VBUS" type="input"/>
        <pin num="3" name="SBU2" type="input"/>
        <pin num="4" name="CC1" type="input"/>
        <pin num="5" name="DN2" type="input"/>
        <pin num="6" name="DP1" type="input"/>
        <pin num="7" name="DN1" type="input"/>
        <pin num="8" name="DP2" type="input"/>
        <pin num="9" name="SBU1" type="input"/>
        <pin num="10" name="CC2" type="input"/>
        <pin num="11" name="VBUS" type="input"/>
        <pin num="12" name="GND" type="input"/>
        <pin num="13" name="SHIELD" type="input"/>
      </pins>
    </libpart>
  </libparts>
  <libraries>
    <library logical="Device">
      <uri>C:\Program Files\KiCad\share\kicad\library/Device.lib</uri>
    </library>
    <library logical="LED">
      <uri>C:\Program Files\KiCad\share\kicad\library/LED.lib</uri>
    </library>
    <library logical="MCU_Microchip_ATmega">
      <uri>C:\Program Files\KiCad\share\kicad\library/MCU_Microchip_ATmega.lib</uri>
    </library>
    <library logical="MX_Alps_Hybrid">
      <uri>C:\Users\Carlos\Documents\diseños teclados\ALICE\Proyecto Alicia\pcb/Schematic_Library/MX_Alps_Hybrid.lib</uri>
    </library>
    <library logical="Switch">
      <uri>C:\Program Files\KiCad\share\kicad\library/Switch.lib</uri>
    </library>
    <library logical="Type-C">
      <uri>C:\Users\Carlos\Documents\diseños teclados\ALICE\Proyecto Alicia\pcb/Type-C.pretty/Type-C.lib</uri>
    </library>
  </libraries>
  <nets>
    <net code="1" name="row1">
      <node ref="D_21" pin="1"/>
      <node ref="D_22" pin="1"/>
      <node ref="D_27" pin="1"/>
      <node ref="D_26" pin="1"/>
      <node ref="D_25" pin="1"/>
      <node ref="D_29" pin="1"/>
      <node ref="D_28" pin="1"/>
      <node ref="D_18" pin="1"/>
      <node ref="D_19" pin="1"/>
      <node ref="U1" pin="10"/>
      <node ref="D_20" pin="1"/>
      <node ref="D_16" pin="1"/>
      <node ref="D_17" pin="1"/>
      <node ref="D_23" pin="1"/>
      <node ref="D_24" pin="1"/>
      <node ref="D_15" pin="1"/>
    </net>
    <net code="2" name="Net-(U1-Pad18)">
      <node ref="U1" pin="18"/>
    </net>
    <net code="3" name="Net-(R3-Pad2)">
      <node ref="R3" pin="2"/>
      <node ref="U1" pin="13"/>
      <node ref="SW1" pin="2"/>
    </net>
    <net code="4" name="row4">
      <node ref="U1" pin="12"/>
      <node ref="D_62" pin="1"/>
      <node ref="D_63" pin="1"/>
      <node ref="D_60" pin="1"/>
      <node ref="D_59" pin="1"/>
      <node ref="D_58" pin="1"/>
      <node ref="D_61" pin="1"/>
      <node ref="D_64" pin="1"/>
      <node ref="D_65" pin="1"/>
    </net>
    <net code="5" name="row0">
      <node ref="D_2" pin="1"/>
      <node ref="D_3" pin="1"/>
      <node ref="D_0" pin="1"/>
      <node ref="D_9" pin="1"/>
      <node ref="D_7" pin="1"/>
      <node ref="D_10" pin="1"/>
      <node ref="D_12" pin="1"/>
      <node ref="D_13" pin="1"/>
      <node ref="D_11" pin="1"/>
      <node ref="D_6" pin="1"/>
      <node ref="D_5" pin="1"/>
      <node ref="D_14" pin="1"/>
      <node ref="D_1" pin="1"/>
      <node ref="D_4" pin="1"/>
      <node ref="D_8" pin="1"/>
      <node ref="U1" pin="11"/>
    </net>
    <net code="6" name="UNDERGLOW">
      <node ref="U1" pin="1"/>
      <node ref="D4" pin="4"/>
    </net>
    <net code="7" name="col11">
      <node ref="K10" pin="1"/>
      <node ref="P1" pin="1"/>
      <node ref="U1" pin="28"/>
      <node ref=";1" pin="1"/>
      <node ref=".&gt;1" pin="1"/>
    </net>
    <net code="8" name="col0">
      <node ref="PGDN1" pin="1"/>
      <node ref="U1" pin="36"/>
      <node ref="PGUP1" pin="1"/>
      <node ref="Esc1" pin="1"/>
    </net>
    <net code="9" name="Net-(R4-Pad2)">
      <node ref="U1" pin="33"/>
      <node ref="R4" pin="2"/>
    </net>
    <net code="10" name="col6">
      <node ref="T1" pin="1"/>
      <node ref="U1" pin="32"/>
      <node ref="B1" pin="1"/>
      <node ref="FUNC2" pin="1"/>
      <node ref="k5" pin="1"/>
      <node ref="G1" pin="1"/>
      <node ref="FUNC1" pin="1"/>
    </net>
    <net code="11" name="col14">
      <node ref="BACKSPACE1" pin="1"/>
      <node ref="K\1" pin="1"/>
      <node ref="SPLIT_BKS1" pin="1"/>
      <node ref="U1" pin="31"/>
      <node ref="K_14" pin="1"/>
    </net>
    <net code="12" name="col13">
      <node ref="FUNCT1" pin="1"/>
      <node ref="RSHIFT1" pin="1"/>
      <node ref="=+1" pin="1"/>
      <node ref="RSHIFT2" pin="1"/>
      <node ref="]1" pin="1"/>
      <node ref="U1" pin="30"/>
      <node ref="RETURN1" pin="1"/>
    </net>
    <net code="13" name="col12">
      <node ref="'1" pin="1"/>
      <node ref="U1" pin="29"/>
      <node ref="RCTL1" pin="1"/>
      <node ref="_-1" pin="1"/>
      <node ref="[1" pin="1"/>
      <node ref="/1" pin="1"/>
    </net>
    <net code="14" name="col10">
      <node ref=",&lt;1" pin="1"/>
      <node ref="O1" pin="1"/>
      <node ref="K9" pin="1"/>
      <node ref="L1" pin="1"/>
      <node ref="U1" pin="27"/>
      <node ref="RALT1" pin="1"/>
    </net>
    <net code="15" name="col9">
      <node ref="I1" pin="1"/>
      <node ref="U1" pin="26"/>
      <node ref="K8" pin="1"/>
      <node ref="M1" pin="1"/>
      <node ref="K11" pin="1"/>
    </net>
    <net code="16" name="col8">
      <node ref="K7" pin="1"/>
      <node ref="J1" pin="1"/>
      <node ref="U1" pin="25"/>
      <node ref="N1" pin="1"/>
      <node ref="space2" pin="1"/>
      <node ref="U2" pin="1"/>
    </net>
    <net code="17" name="col7">
      <node ref="K6" pin="1"/>
      <node ref="B2" pin="1"/>
      <node ref="H1" pin="1"/>
      <node ref="Y2" pin="1"/>
      <node ref="U1" pin="22"/>
    </net>
    <net code="18" name="scrol">
      <node ref="D2" pin="2"/>
      <node ref="U1" pin="21"/>
    </net>
    <net code="19" name="D-">
      <node ref="R2" pin="1"/>
      <node ref="U1" pin="3"/>
    </net>
    <net code="20" name="D+">
      <node ref="R1" pin="1"/>
      <node ref="U1" pin="4"/>
    </net>
    <net code="21" name="+5V">
      <node ref="C20" pin="2"/>
      <node ref="D13" pin="1"/>
      <node ref="D15" pin="1"/>
      <node ref="C18" pin="2"/>
      <node ref="C16" pin="2"/>
      <node ref="C14" pin="2"/>
      <node ref="C12" pin="2"/>
      <node ref="C10" pin="2"/>
      <node ref="C19" pin="2"/>
      <node ref="D5" pin="1"/>
      <node ref="D7" pin="1"/>
      <node ref="D9" pin="1"/>
      <node ref="D11" pin="1"/>
      <node ref="D4" pin="1"/>
      <node ref="U1" pin="14"/>
      <node ref="D10" pin="1"/>
      <node ref="U1" pin="2"/>
      <node ref="D6" pin="1"/>
      <node ref="D16" pin="1"/>
      <node ref="D14" pin="1"/>
      <node ref="D12" pin="1"/>
      <node ref="D8" pin="1"/>
      <node ref="U1" pin="34"/>
      <node ref="C15" pin="2"/>
      <node ref="U1" pin="24"/>
      <node ref="C13" pin="2"/>
      <node ref="C11" pin="2"/>
      <node ref="U1" pin="44"/>
      <node ref="C9" pin="2"/>
      <node ref="U1" pin="7"/>
      <node ref="C17" pin="2"/>
      <node ref="C4" pin="1"/>
      <node ref="C1" pin="1"/>
      <node ref="F1" pin="1"/>
      <node ref="C7" pin="1"/>
      <node ref="C21" pin="2"/>
      <node ref="C5" pin="1"/>
      <node ref="R3" pin="1"/>
    </net>
    <net code="22" name="Net-(USB1-Pad9)">
      <node ref="USB1" pin="9"/>
    </net>
    <net code="23" name="Net-(R2-Pad2)">
      <node ref="R2" pin="2"/>
      <node ref="USB1" pin="5"/>
      <node ref="USB1" pin="7"/>
    </net>
    <net code="24" name="Net-(USB1-Pad3)">
      <node ref="USB1" pin="3"/>
    </net>
    <net code="25" name="col1">
      <node ref="CAPS2" pin="1"/>
      <node ref="SHIFT1" pin="1"/>
      <node ref="TAB1" pin="1"/>
      <node ref="U1" pin="37"/>
      <node ref="CTRL1" pin="1"/>
      <node ref="CAPS1" pin="1"/>
      <node ref="KK0" pin="1"/>
    </net>
    <net code="26" name="VCC">
      <node ref="F1" pin="2"/>
      <node ref="USB1" pin="2"/>
      <node ref="USB1" pin="11"/>
    </net>
    <net code="27" name="Net-(R1-Pad2)">
      <node ref="R1" pin="2"/>
      <node ref="USB1" pin="8"/>
      <node ref="USB1" pin="6"/>
    </net>
    <net code="28" name="GND">
      <node ref="C21" pin="1"/>
      <node ref="C1" pin="2"/>
      <node ref="C3" pin="2"/>
      <node ref="U1" pin="23"/>
      <node ref="USB1" pin="12"/>
      <node ref="U1" pin="5"/>
      <node ref="U1" pin="43"/>
      <node ref="R8" pin="1"/>
      <node ref="R9" pin="1"/>
      <node ref="R5" pin="1"/>
      <node ref="R7" pin="1"/>
      <node ref="USB1" pin="1"/>
      <node ref="U1" pin="15"/>
      <node ref="USB1" pin="13"/>
      <node ref="C7" pin="2"/>
      <node ref="C5" pin="2"/>
      <node ref="C4" pin="2"/>
      <node ref="U1" pin="35"/>
      <node ref="D15" pin="3"/>
      <node ref="D9" pin="3"/>
      <node ref="D6" pin="3"/>
      <node ref="D4" pin="3"/>
      <node ref="D8" pin="3"/>
      <node ref="R6" pin="1"/>
      <node ref="D16" pin="3"/>
      <node ref="D14" pin="3"/>
      <node ref="C9" pin="1"/>
      <node ref="C11" pin="1"/>
      <node ref="D12" pin="3"/>
      <node ref="C20" pin="1"/>
      <node ref="C18" pin="1"/>
      <node ref="C16" pin="1"/>
      <node ref="C14" pin="1"/>
      <node ref="C12" pin="1"/>
      <node ref="C10" pin="1"/>
      <node ref="C19" pin="1"/>
      <node ref="SW1" pin="1"/>
      <node ref="D5" pin="3"/>
      <node ref="D7" pin="3"/>
      <node ref="D11" pin="3"/>
      <node ref="D13" pin="3"/>
      <node ref="R4" pin="1"/>
      <node ref="D10" pin="3"/>
      <node ref="Y1" pin="4"/>
      <node ref="C2" pin="2"/>
      <node ref="C13" pin="1"/>
      <node ref="C15" pin="1"/>
      <node ref="C17" pin="1"/>
      <node ref="C6" pin="1"/>
      <node ref="Y1" pin="2"/>
    </net>
    <net code="29" name="caps">
      <node ref="U1" pin="19"/>
      <node ref="D1" pin="2"/>
    </net>
    <net code="30" name="Net-(D1-Pad1)">
      <node ref="D1" pin="1"/>
      <node ref="R5" pin="2"/>
    </net>
    <net code="31" name="num">
      <node ref="D3" pin="2"/>
      <node ref="U1" pin="20"/>
    </net>
    <net code="32" name="Net-(D3-Pad1)">
      <node ref="R7" pin="2"/>
      <node ref="D3" pin="1"/>
    </net>
    <net code="33" name="row2">
      <node ref="D_38" pin="1"/>
      <node ref="U1" pin="9"/>
      <node ref="D_39" pin="1"/>
      <node ref="D_44" pin="1"/>
      <node ref="D_32" pin="1"/>
      <node ref="D_31" pin="1"/>
      <node ref="D_43" pin="1"/>
      <node ref="D_40" pin="1"/>
      <node ref="D_41" pin="1"/>
      <node ref="D_42" pin="1"/>
      <node ref="D_36" pin="1"/>
      <node ref="D_37" pin="1"/>
      <node ref="D_35" pin="1"/>
      <node ref="D_30" pin="1"/>
      <node ref="D_34" pin="1"/>
      <node ref="D_33" pin="1"/>
    </net>
    <net code="34" name="row3">
      <node ref="D_54" pin="1"/>
      <node ref="D_57" pin="1"/>
      <node ref="D_51" pin="1"/>
      <node ref="D_55" pin="1"/>
      <node ref="D_49" pin="1"/>
      <node ref="D_48" pin="1"/>
      <node ref="U1" pin="8"/>
      <node ref="D_50" pin="1"/>
      <node ref="D_52" pin="1"/>
      <node ref="D_46" pin="1"/>
      <node ref="D_53" pin="1"/>
      <node ref="D_47" pin="1"/>
      <node ref="D_45" pin="1"/>
      <node ref="D_56" pin="1"/>
    </net>
    <net code="35" name="Net-(C6-Pad2)">
      <node ref="C6" pin="2"/>
      <node ref="U1" pin="6"/>
    </net>
    <net code="36" name="Net-(U1-Pad42)">
      <node ref="U1" pin="42"/>
    </net>
    <net code="37" name="col5">
      <node ref="F2" pin="1"/>
      <node ref="V1" pin="1"/>
      <node ref="U1" pin="41"/>
      <node ref="R10" pin="1"/>
      <node ref="K4" pin="1"/>
    </net>
    <net code="38" name="col4">
      <node ref="U1" pin="40"/>
      <node ref="D18" pin="1"/>
      <node ref="C8" pin="1"/>
      <node ref="K3" pin="1"/>
      <node ref="SPCE2" pin="1"/>
      <node ref="lgui1" pin="1"/>
      <node ref="E1" pin="1"/>
    </net>
    <net code="39" name="col3">
      <node ref="U1" pin="39"/>
      <node ref="W1" pin="1"/>
      <node ref="K2" pin="1"/>
      <node ref="X1" pin="1"/>
      <node ref="S1" pin="1"/>
      <node ref="ALT1" pin="1"/>
    </net>
    <net code="40" name="col2">
      <node ref="Q1" pin="1"/>
      <node ref="K1" pin="1"/>
      <node ref="A1" pin="1"/>
      <node ref="Z1" pin="1"/>
      <node ref="U1" pin="38"/>
    </net>
    <net code="41" name="Net-(R9-Pad2)">
      <node ref="R9" pin="2"/>
      <node ref="USB1" pin="10"/>
    </net>
    <net code="42" name="Net-(R8-Pad2)">
      <node ref="USB1" pin="4"/>
      <node ref="R8" pin="2"/>
    </net>
    <net code="43" name="Net-(D_61-Pad2)">
      <node ref="FUNC1" pin="2"/>
      <node ref="FUNC2" pin="2"/>
      <node ref="D_61" pin="2"/>
    </net>
    <net code="44" name="Net-(D_60-Pad2)">
      <node ref="SPCE2" pin="2"/>
      <node ref="lgui1" pin="2"/>
      <node ref="D_60" pin="2"/>
    </net>
    <net code="45" name="Net-(C2-Pad1)">
      <node ref="U1" pin="17"/>
      <node ref="C2" pin="1"/>
      <node ref="Y1" pin="1"/>
    </net>
    <net code="46" name="Net-(C3-Pad1)">
      <node ref="Y1" pin="3"/>
      <node ref="C3" pin="1"/>
      <node ref="U1" pin="16"/>
    </net>
    <net code="47" name="Net-(BACKSPACE1-Pad2)">
      <node ref="SPLIT_BKS1" pin="2"/>
      <node ref="BACKSPACE1" pin="2"/>
      <node ref="D_44" pin="2"/>
    </net>
    <net code="48" name="Net-(D_57-Pad2)">
      <node ref="RSHIFT2" pin="2"/>
      <node ref="RSHIFT1" pin="2"/>
      <node ref="D_57" pin="2"/>
    </net>
    <net code="49" name="Net-(D2-Pad1)">
      <node ref="D2" pin="1"/>
      <node ref="R6" pin="2"/>
    </net>
    <net code="50" name="Net-(D_14-Pad2)">
      <node ref="D_14" pin="2"/>
      <node ref="K_14" pin="2"/>
    </net>
    <net code="51" name="Net-(D5-Pad2)">
      <node ref="D7" pin="4"/>
      <node ref="D5" pin="2"/>
    </net>
    <net code="52" name="Net-(D7-Pad2)">
      <node ref="D7" pin="2"/>
      <node ref="D9" pin="4"/>
    </net>
    <net code="53" name="Net-(D11-Pad4)">
      <node ref="D9" pin="2"/>
      <node ref="D11" pin="4"/>
    </net>
    <net code="54" name="Net-(D16-Pad2)">
      <node ref="D16" pin="2"/>
      <node ref="D5" pin="4"/>
    </net>
    <net code="55" name="Net-(D11-Pad2)">
      <node ref="D13" pin="4"/>
      <node ref="D11" pin="2"/>
    </net>
    <net code="56" name="Net-(D13-Pad2)">
      <node ref="D15" pin="4"/>
      <node ref="D13" pin="2"/>
    </net>
    <net code="57" name="Net-(D15-Pad2)">
      <node ref="D15" pin="2"/>
    </net>
    <net code="58" name="Net-(D14-Pad2)">
      <node ref="D14" pin="2"/>
      <node ref="D16" pin="4"/>
    </net>
    <net code="59" name="Net-(D12-Pad2)">
      <node ref="D14" pin="4"/>
      <node ref="D12" pin="2"/>
    </net>
    <net code="60" name="Net-(D10-Pad2)">
      <node ref="D10" pin="2"/>
      <node ref="D12" pin="4"/>
    </net>
    <net code="61" name="Net-(D10-Pad4)">
      <node ref="D10" pin="4"/>
      <node ref="D8" pin="2"/>
    </net>
    <net code="62" name="Net-(D6-Pad2)">
      <node ref="D8" pin="4"/>
      <node ref="D6" pin="2"/>
    </net>
    <net code="63" name="Net-(D4-Pad2)">
      <node ref="D6" pin="4"/>
      <node ref="D4" pin="2"/>
    </net>
    <net code="64" name="Net-(CAPS1-Pad2)">
      <node ref="CAPS1" pin="2"/>
      <node ref="CAPS2" pin="2"/>
      <node ref="D_31" pin="2"/>
    </net>
    <net code="65" name="Net-(D_35-Pad2)">
      <node ref="F2" pin="2"/>
      <node ref="D_35" pin="2"/>
    </net>
    <net code="66" name="Net-(D_22-Pad2)">
      <node ref="D_22" pin="2"/>
      <node ref="Y2" pin="2"/>
    </net>
    <net code="67" name="Net-(D_21-Pad2)">
      <node ref="D_21" pin="2"/>
      <node ref="T1" pin="2"/>
    </net>
    <net code="68" name="Net-(D_20-Pad2)">
      <node ref="R10" pin="2"/>
      <node ref="D_20" pin="2"/>
    </net>
    <net code="69" name="Net-(D_24-Pad2)">
      <node ref="D_24" pin="2"/>
      <node ref="I1" pin="2"/>
    </net>
    <net code="70" name="Net-(D_23-Pad2)">
      <node ref="U2" pin="2"/>
      <node ref="D_23" pin="2"/>
    </net>
    <net code="71" name="Net-(D_17-Pad2)">
      <node ref="D_17" pin="2"/>
      <node ref="Q1" pin="2"/>
    </net>
    <net code="72" name="Net-(D_16-Pad2)">
      <node ref="D_16" pin="2"/>
      <node ref="TAB1" pin="2"/>
    </net>
    <net code="73" name="Net-(D_19-Pad2)">
      <node ref="D_19" pin="2"/>
      <node ref="E1" pin="2"/>
    </net>
    <net code="74" name="Net-(D_25-Pad2)">
      <node ref="O1" pin="2"/>
      <node ref="D_25" pin="2"/>
    </net>
    <net code="75" name="Net-(D_18-Pad2)">
      <node ref="D_18" pin="2"/>
      <node ref="W1" pin="2"/>
    </net>
    <net code="76" name="Net-(A1-Pad2)">
      <node ref="D_32" pin="2"/>
      <node ref="A1" pin="2"/>
    </net>
    <net code="77" name="Net-(D_30-Pad2)">
      <node ref="D_30" pin="2"/>
      <node ref="PGDN1" pin="2"/>
    </net>
    <net code="78" name="Net-(D_33-Pad2)">
      <node ref="S1" pin="2"/>
      <node ref="D_33" pin="2"/>
    </net>
    <net code="79" name="Net-(D18-Pad2)">
      <node ref="D18" pin="2"/>
      <node ref="D_34" pin="2"/>
    </net>
    <net code="80" name="Net-(D_27-Pad2)">
      <node ref="D_27" pin="2"/>
      <node ref="[1" pin="2"/>
    </net>
    <net code="81" name="Net-(D_26-Pad2)">
      <node ref="D_26" pin="2"/>
      <node ref="P1" pin="2"/>
    </net>
    <net code="82" name="Net-(D_28-Pad2)">
      <node ref="D_28" pin="2"/>
      <node ref="]1" pin="2"/>
    </net>
    <net code="83" name="Net-(D_29-Pad2)">
      <node ref="K\1" pin="2"/>
      <node ref="D_29" pin="2"/>
    </net>
    <net code="84" name="Net-(D_15-Pad2)">
      <node ref="D_15" pin="2"/>
      <node ref="PGUP1" pin="2"/>
    </net>
    <net code="85" name="Net-(D_5-Pad2)">
      <node ref="D_5" pin="2"/>
      <node ref="K4" pin="2"/>
    </net>
    <net code="86" name="Net-(D_4-Pad2)">
      <node ref="D_4" pin="2"/>
      <node ref="K3" pin="2"/>
    </net>
    <net code="87" name="Net-(D_3-Pad2)">
      <node ref="D_3" pin="2"/>
      <node ref="K2" pin="2"/>
    </net>
    <net code="88" name="Net-(D_6-Pad2)">
      <node ref="k5" pin="2"/>
      <node ref="D_6" pin="2"/>
    </net>
    <net code="89" name="Net-(D_0-Pad2)">
      <node ref="Esc1" pin="2"/>
      <node ref="D_0" pin="2"/>
    </net>
    <net code="90" name="Net-(D_1-Pad2)">
      <node ref="KK0" pin="2"/>
      <node ref="D_1" pin="2"/>
    </net>
    <net code="91" name="Net-(D_2-Pad2)">
      <node ref="D_2" pin="2"/>
      <node ref="K1" pin="2"/>
    </net>
    <net code="92" name="Net-(D_7-Pad2)">
      <node ref="K6" pin="2"/>
      <node ref="D_7" pin="2"/>
    </net>
    <net code="93" name="Net-(D_12-Pad2)">
      <node ref="D_12" pin="2"/>
      <node ref="_-1" pin="2"/>
    </net>
    <net code="94" name="Net-(D_11-Pad2)">
      <node ref="K10" pin="2"/>
      <node ref="D_11" pin="2"/>
    </net>
    <net code="95" name="Net-(=+1-Pad2)">
      <node ref="=+1" pin="2"/>
      <node ref="D_13" pin="2"/>
    </net>
    <net code="96" name="Net-(D_8-Pad2)">
      <node ref="D_8" pin="2"/>
      <node ref="K7" pin="2"/>
    </net>
    <net code="97" name="Net-(D_10-Pad2)">
      <node ref="K9" pin="2"/>
      <node ref="D_10" pin="2"/>
    </net>
    <net code="98" name="Net-(D_9-Pad2)">
      <node ref="D_9" pin="2"/>
      <node ref="K8" pin="2"/>
    </net>
    <net code="99" name="Net-(D_62-Pad2)">
      <node ref="D_62" pin="2"/>
      <node ref="space2" pin="2"/>
    </net>
    <net code="100" name="Net-(D_63-Pad2)">
      <node ref="RALT1" pin="2"/>
      <node ref="D_63" pin="2"/>
    </net>
    <net code="101" name="Net-(D_64-Pad2)">
      <node ref="RCTL1" pin="2"/>
      <node ref="D_64" pin="2"/>
    </net>
    <net code="102" name="Net-(D_65-Pad2)">
      <node ref="D_65" pin="2"/>
      <node ref="FUNCT1" pin="2"/>
    </net>
    <net code="103" name="Net-(/1-Pad2)">
      <node ref="D_56" pin="2"/>
      <node ref="/1" pin="2"/>
    </net>
    <net code="104" name="Net-(.&gt;1-Pad2)">
      <node ref="D_55" pin="2"/>
      <node ref=".&gt;1" pin="2"/>
    </net>
    <net code="105" name="Net-(ALT1-Pad2)">
      <node ref="D_59" pin="2"/>
      <node ref="ALT1" pin="2"/>
    </net>
    <net code="106" name="Net-(CTRL1-Pad2)">
      <node ref="CTRL1" pin="2"/>
      <node ref="D_58" pin="2"/>
    </net>
    <net code="107" name="Net-(;1-Pad2)">
      <node ref="D_41" pin="2"/>
      <node ref=";1" pin="2"/>
    </net>
    <net code="108" name="Net-('1-Pad2)">
      <node ref="D_42" pin="2"/>
      <node ref="'1" pin="2"/>
    </net>
    <net code="109" name="Net-(D_40-Pad2)">
      <node ref="L1" pin="2"/>
      <node ref="D_40" pin="2"/>
    </net>
    <net code="110" name="Net-(D_45-Pad2)">
      <node ref="SHIFT1" pin="2"/>
      <node ref="D_45" pin="2"/>
    </net>
    <net code="111" name="Net-(D_43-Pad2)">
      <node ref="RETURN1" pin="2"/>
      <node ref="D_43" pin="2"/>
    </net>
    <net code="112" name="Net-(D_37-Pad2)">
      <node ref="H1" pin="2"/>
      <node ref="D_37" pin="2"/>
    </net>
    <net code="113" name="Net-(D_36-Pad2)">
      <node ref="D_36" pin="2"/>
      <node ref="G1" pin="2"/>
    </net>
    <net code="114" name="Net-(D_38-Pad2)">
      <node ref="D_38" pin="2"/>
      <node ref="J1" pin="2"/>
    </net>
    <net code="115" name="Net-(D_39-Pad2)">
      <node ref="D_39" pin="2"/>
      <node ref="K11" pin="2"/>
    </net>
    <net code="116" name="Net-(D_52-Pad2)">
      <node ref="N1" pin="2"/>
      <node ref="D_52" pin="2"/>
    </net>
    <net code="117" name="Net-(B2-Pad2)">
      <node ref="D_51" pin="2"/>
      <node ref="B2" pin="2"/>
    </net>
    <net code="118" name="Net-(B1-Pad2)">
      <node ref="B1" pin="2"/>
      <node ref="D_50" pin="2"/>
    </net>
    <net code="119" name="Net-(,&lt;1-Pad2)">
      <node ref=",&lt;1" pin="2"/>
      <node ref="D_54" pin="2"/>
    </net>
    <net code="120" name="Net-(D_53-Pad2)">
      <node ref="M1" pin="2"/>
      <node ref="D_53" pin="2"/>
    </net>
    <net code="121" name="Net-(D_46-Pad2)">
      <node ref="D_46" pin="2"/>
      <node ref="Z1" pin="2"/>
    </net>
    <net code="122" name="Net-(D_47-Pad2)">
      <node ref="D_47" pin="2"/>
      <node ref="X1" pin="2"/>
    </net>
    <net code="123" name="Net-(D_49-Pad2)">
      <node ref="D_49" pin="2"/>
      <node ref="V1" pin="2"/>
    </net>
    <net code="124" name="Net-(C8-Pad2)">
      <node ref="D_48" pin="2"/>
      <node ref="C8" pin="2"/>
    </net>
  </nets>
</export>
