﻿{"version":1,"keyboard":{"keys":[{"id":0,"legend":"code","state":{"x":0.75,"y":0.85,"r":0,"rx":0,"ry":0,"w":1,"h":1,"x2":0,"y2":0,"w2":0,"h2":0,"c":"#766a5e","t":"#e1dbd1","p":"OEM"},"row":0,"col":0,"keycodes":[{"id":"KC_ESC","fields":[]},{"id":"KC_TRNS","fields":[]},{"id":"KC_TRNS","fields":[]},{"id":"KC_TRNS","fields":[]},{"id":"KC_TRNS","fields":[]},{"id":"KC_TRNS","fields":[]},{"id":"KC_TRNS","fields":[]},{"id":"KC_TRNS","fields":[]},{"id":"KC_TRNS","fields":[]},{"id":"KC_TRNS","fields":[]},{"id":"KC_TRNS","fields":[]},{"id":"KC_TRNS","fields":[]},{"id":"KC_TRNS","fields":[]},{"id":"KC_TRNS","fields":[]},{"id":"KC_TRNS","fields":[]},{"id":"KC_TRNS","fields":[]}]},{"id":1,"legend":"\"\n2\n\nF2","state":{"x":4,"y":0.85,"r":0,"rx":0,"ry":0,"w":1,"h":1,"x2":0,"y2":0,"w2":0,"h2":0,"c":"#e1dbd1","t":"#766a5e","p":"OEM","f":6,"fa":[0,0,0,2]},"row":0,"col":3,"keycodes":[{"id":"KC_2","fields":[]},{"id":"KC_F2","fields":[]},{"id":"KC_TRNS","fields":[]},{"id":"KC_TRNS","fields":[]},{"id":"KC_TRNS","fields":[]},{"id":"KC_TRNS","fields":[]},{"id":"KC_TRNS","fields":[]},{"id":"KC_TRNS","fields":[]},{"id":"KC_TRNS","fields":[]},{"id":"KC_TRNS","fields":[]},{"id":"KC_TRNS","fields":[]},{"id":"KC_TRNS","fields":[]},{"id":"KC_TRNS","fields":[]},{"id":"KC_TRNS","fields":[]},{"id":"KC_TRNS","fields":[]},{"id":"KC_TRNS","fields":[]}]},{"id":2,"legend":"_\n-\n\nF11","state":{"x":13.75,"y":0.9000000000000001,"r":0,"rx":0,"ry":0,"w":1,"h":1,"x2":0,"y2":0,"w2":0,"h2":0,"c":"#e1dbd1","t":"#766a5e","p":"OEM","f":6,"fa":[0,0,0,2]},"row":0,"col":12,"keycodes":[{"id":"KC_MINS","fields":[]},{"id":"KC_F11","fields":[]},{"id":"KC_TRNS","fields":[]},{"id":"KC_TRNS","fields":[]},{"id":"KC_TRNS","fields":[]},{"id":"KC_TRNS","fields":[]},{"id":"KC_TRNS","fields":[]},{"id":"KC_TRNS","fields":[]},{"id":"KC_TRNS","fields":[]},{"id":"KC_TRNS","fields":[]},{"id":"KC_TRNS","fields":[]},{"id":"KC_TRNS","fields":[]},{"id":"KC_TRNS","fields":[]},{"id":"KC_TRNS","fields":[]},{"id":"KC_TRNS","fields":[]},{"id":"KC_TRNS","fields":[]}]},{"id":3,"legend":"¬\n`\n\nEsc","state":{"x":2,"y":1,"r":0,"rx":0,"ry":0,"w":1,"h":1,"x2":0,"y2":0,"w2":0,"h2":0,"c":"#e1dbd1","t":"#766a5e","p":"OEM","f":6,"fa":[0,0,0,2]},"row":0,"col":1,"keycodes":[{"id":"KC_GRV","fields":[]},{"id":"KC_PAUS","fields":[]},{"id":"KC_TRNS","fields":[]},{"id":"KC_TRNS","fields":[]},{"id":"KC_TRNS","fields":[]},{"id":"KC_TRNS","fields":[]},{"id":"KC_TRNS","fields":[]},{"id":"KC_TRNS","fields":[]},{"id":"KC_TRNS","fields":[]},{"id":"KC_TRNS","fields":[]},{"id":"KC_TRNS","fields":[]},{"id":"KC_TRNS","fields":[]},{"id":"KC_TRNS","fields":[]},{"id":"KC_TRNS","fields":[]},{"id":"KC_TRNS","fields":[]},{"id":"KC_TRNS","fields":[]}]},{"id":4,"legend":"!\n1\n\nF1","state":{"x":3,"y":1,"r":0,"rx":0,"ry":0,"w":1,"h":1,"x2":0,"y2":0,"w2":0,"h2":0,"c":"#e1dbd1","t":"#766a5e","p":"OEM","f":6,"fa":[0,0,0,2]},"row":0,"col":2,"keycodes":[{"id":"KC_1","fields":[]},{"id":"KC_F1","fields":[]},{"id":"KC_TRNS","fields":[]},{"id":"KC_TRNS","fields":[]},{"id":"KC_TRNS","fields":[]},{"id":"KC_TRNS","fields":[]},{"id":"KC_TRNS","fields":[]},{"id":"KC_TRNS","fields":[]},{"id":"KC_TRNS","fields":[]},{"id":"KC_TRNS","fields":[]},{"id":"KC_TRNS","fields":[]},{"id":"KC_TRNS","fields":[]},{"id":"KC_TRNS","fields":[]},{"id":"KC_TRNS","fields":[]},{"id":"KC_TRNS","fields":[]},{"id":"KC_TRNS","fields":[]}]},{"id":5,"legend":"+\n=\n\nF12","state":{"x":14.75,"y":1,"r":0,"rx":0,"ry":0,"w":1,"h":1,"x2":0,"y2":0,"w2":0,"h2":0,"c":"#e1dbd1","t":"#766a5e","p":"OEM","f":6,"fa":[0,0,0,2]},"row":0,"col":13,"keycodes":[{"id":"KC_EQL","fields":[]},{"id":"KC_F12","fields":[]},{"id":"KC_TRNS","fields":[]},{"id":"KC_TRNS","fields":[]},{"id":"KC_TRNS","fields":[]},{"id":"KC_TRNS","fields":[]},{"id":"KC_TRNS","fields":[]},{"id":"KC_TRNS","fields":[]},{"id":"KC_TRNS","fields":[]},{"id":"KC_TRNS","fields":[]},{"id":"KC_TRNS","fields":[]},{"id":"KC_TRNS","fields":[]},{"id":"KC_TRNS","fields":[]},{"id":"KC_TRNS","fields":[]},{"id":"KC_TRNS","fields":[]},{"id":"KC_TRNS","fields":[]}]},{"id":6,"legend":"Backspace\n\n\n\n2.00","state":{"x":15.75,"y":1,"r":0,"rx":0,"ry":0,"w":1,"h":1,"x2":0,"y2":0,"w2":0,"h2":0,"c":"#766a5e","t":"#e1dbd1","p":"OEM","f":3,"fa":[0,0,0,2],"a":0},"row":0,"col":14,"keycodes":[{"id":"KC_BSLS","fields":[]},{"id":"KC_PSCR","fields":[]},{"id":"KC_TRNS","fields":[]},{"id":"KC_TRNS","fields":[]},{"id":"KC_TRNS","fields":[]},{"id":"KC_TRNS","fields":[]},{"id":"KC_TRNS","fields":[]},{"id":"KC_TRNS","fields":[]},{"id":"KC_TRNS","fields":[]},{"id":"KC_TRNS","fields":[]},{"id":"KC_TRNS","fields":[]},{"id":"KC_TRNS","fields":[]},{"id":"KC_TRNS","fields":[]},{"id":"KC_TRNS","fields":[]},{"id":"KC_TRNS","fields":[]},{"id":"KC_TRNS","fields":[]}]},{"id":7,"legend":"Backspace\n\n\n\n2.00","state":{"x":16.75,"y":1,"r":0,"rx":0,"ry":0,"w":1,"h":1,"x2":0,"y2":0,"w2":0,"h2":0,"c":"#766a5e","t":"#e1dbd1","p":"OEM","f":3,"fa":[0,0,0,2],"a":0},"row":2,"col":14,"keycodes":[{"id":"KC_BSPC","fields":[]},{"id":"RESET","fields":[]},{"id":"KC_TRNS","fields":[]},{"id":"KC_TRNS","fields":[]},{"id":"KC_TRNS","fields":[]},{"id":"KC_TRNS","fields":[]},{"id":"KC_TRNS","fields":[]},{"id":"KC_TRNS","fields":[]},{"id":"KC_TRNS","fields":[]},{"id":"KC_TRNS","fields":[]},{"id":"KC_TRNS","fields":[]},{"id":"KC_TRNS","fields":[]},{"id":"KC_TRNS","fields":[]},{"id":"KC_TRNS","fields":[]},{"id":"KC_TRNS","fields":[]},{"id":"KC_TRNS","fields":[]}]},{"id":8,"legend":"code","state":{"x":0.5,"y":1.85,"r":0,"rx":0,"ry":0,"w":1,"h":1,"x2":0,"y2":0,"w2":0,"h2":0,"c":"#766a5e","t":"#e1dbd1","p":"OEM","f":3,"fa":[0,0,0,2],"a":4},"row":1,"col":0,"keycodes":[{"id":"KC_PGUP","fields":[]},{"id":"KC_TRNS","fields":[]},{"id":"KC_TRNS","fields":[]},{"id":"KC_TRNS","fields":[]},{"id":"KC_TRNS","fields":[]},{"id":"KC_TRNS","fields":[]},{"id":"KC_TRNS","fields":[]},{"id":"KC_TRNS","fields":[]},{"id":"KC_TRNS","fields":[]},{"id":"KC_TRNS","fields":[]},{"id":"KC_TRNS","fields":[]},{"id":"KC_TRNS","fields":[]},{"id":"KC_TRNS","fields":[]},{"id":"KC_TRNS","fields":[]},{"id":"KC_TRNS","fields":[]},{"id":"KC_TRNS","fields":[]}]},{"id":9,"legend":"P\n\n*\nPause","state":{"x":13.5,"y":1.9000000000000001,"r":0,"rx":0,"ry":0,"w":1,"h":1,"x2":0,"y2":0,"w2":0,"h2":0,"c":"#e1dbd1","t":"#766a5e","p":"OEM","f":6,"fa":[0,0,2,2],"a":4},"row":1,"col":11,"keycodes":[{"id":"KC_P","fields":[]},{"id":"KC_TRNS","fields":[]},{"id":"KC_TRNS","fields":[]},{"id":"KC_TRNS","fields":[]},{"id":"KC_TRNS","fields":[]},{"id":"KC_TRNS","fields":[]},{"id":"KC_TRNS","fields":[]},{"id":"KC_TRNS","fields":[]},{"id":"KC_TRNS","fields":[]},{"id":"KC_TRNS","fields":[]},{"id":"KC_TRNS","fields":[]},{"id":"KC_TRNS","fields":[]},{"id":"KC_TRNS","fields":[]},{"id":"KC_TRNS","fields":[]},{"id":"KC_TRNS","fields":[]},{"id":"KC_TRNS","fields":[]}]},{"id":10,"legend":"Tab\n\n\n\n1.50","state":{"x":2,"y":2.0000000000000004,"r":0,"rx":0,"ry":0,"w":1.5,"h":1,"x2":0,"y2":0,"w2":0,"h2":0,"c":"#766a5e","t":"#e1dbd1","p":"OEM","f":3,"fa":[0,0,2,2],"a":0},"row":1,"col":1,"keycodes":[{"id":"KC_TAB","fields":[]},{"id":"KC_TRNS","fields":[]},{"id":"KC_TRNS","fields":[]},{"id":"KC_TRNS","fields":[]},{"id":"KC_TRNS","fields":[]},{"id":"KC_TRNS","fields":[]},{"id":"KC_TRNS","fields":[]},{"id":"KC_TRNS","fields":[]},{"id":"KC_TRNS","fields":[]},{"id":"KC_TRNS","fields":[]},{"id":"KC_TRNS","fields":[]},{"id":"KC_TRNS","fields":[]},{"id":"KC_TRNS","fields":[]},{"id":"KC_TRNS","fields":[]},{"id":"KC_TRNS","fields":[]},{"id":"KC_TRNS","fields":[]}]},{"id":11,"legend":"Q","state":{"x":3.5,"y":2.0000000000000004,"r":0,"rx":0,"ry":0,"w":1,"h":1,"x2":0,"y2":0,"w2":0,"h2":0,"c":"#e1dbd1","t":"#766a5e","p":"OEM","f":6,"fa":[0,0,2,2],"a":4},"row":1,"col":2,"keycodes":[{"id":"KC_Q","fields":[]},{"id":"KC_TRNS","fields":[]},{"id":"KC_TRNS","fields":[]},{"id":"KC_TRNS","fields":[]},{"id":"KC_TRNS","fields":[]},{"id":"KC_TRNS","fields":[]},{"id":"KC_TRNS","fields":[]},{"id":"KC_TRNS","fields":[]},{"id":"KC_TRNS","fields":[]},{"id":"KC_TRNS","fields":[]},{"id":"KC_TRNS","fields":[]},{"id":"KC_TRNS","fields":[]},{"id":"KC_TRNS","fields":[]},{"id":"KC_TRNS","fields":[]},{"id":"KC_TRNS","fields":[]},{"id":"KC_TRNS","fields":[]}]},{"id":12,"legend":"{\n[","state":{"x":14.5,"y":2.0000000000000004,"r":0,"rx":0,"ry":0,"w":1,"h":1,"x2":0,"y2":0,"w2":0,"h2":0,"c":"#e1dbd1","t":"#766a5e","p":"OEM","f":6,"fa":[0,0,2,2],"a":4},"row":1,"col":12,"keycodes":[{"id":"KC_LBRC","fields":[]},{"id":"KC_TRNS","fields":[]},{"id":"KC_TRNS","fields":[]},{"id":"KC_TRNS","fields":[]},{"id":"KC_TRNS","fields":[]},{"id":"KC_TRNS","fields":[]},{"id":"KC_TRNS","fields":[]},{"id":"KC_TRNS","fields":[]},{"id":"KC_TRNS","fields":[]},{"id":"KC_TRNS","fields":[]},{"id":"KC_TRNS","fields":[]},{"id":"KC_TRNS","fields":[]},{"id":"KC_TRNS","fields":[]},{"id":"KC_TRNS","fields":[]},{"id":"KC_TRNS","fields":[]},{"id":"KC_TRNS","fields":[]}]},{"id":13,"legend":"}\n]","state":{"x":15.5,"y":2.0000000000000004,"r":0,"rx":0,"ry":0,"w":1,"h":1,"x2":0,"y2":0,"w2":0,"h2":0,"c":"#e1dbd1","t":"#766a5e","p":"OEM","f":6,"fa":[0,0,2,2],"a":4},"row":1,"col":13,"keycodes":[{"id":"KC_RBRC","fields":[]},{"id":"KC_TRNS","fields":[]},{"id":"KC_TRNS","fields":[]},{"id":"KC_TRNS","fields":[]},{"id":"KC_TRNS","fields":[]},{"id":"KC_TRNS","fields":[]},{"id":"KC_TRNS","fields":[]},{"id":"KC_TRNS","fields":[]},{"id":"KC_TRNS","fields":[]},{"id":"KC_TRNS","fields":[]},{"id":"KC_TRNS","fields":[]},{"id":"KC_TRNS","fields":[]},{"id":"KC_TRNS","fields":[]},{"id":"KC_TRNS","fields":[]},{"id":"KC_TRNS","fields":[]},{"id":"KC_TRNS","fields":[]}]},{"id":14,"legend":"|\n\\\n\n\n1.25","state":{"x":16.5,"y":2.0000000000000004,"r":0,"rx":0,"ry":0,"w":1.5,"h":1,"x2":0,"y2":0,"w2":0,"h2":0,"c":"#766a5e","t":"#e1dbd1","p":"OEM","f":3,"fa":[0,0,2,2],"a":0},"row":1,"col":14,"keycodes":[{"id":"KC_BSLS","fields":[]},{"id":"KC_TRNS","fields":[]},{"id":"KC_TRNS","fields":[]},{"id":"KC_TRNS","fields":[]},{"id":"KC_TRNS","fields":[]},{"id":"KC_TRNS","fields":[]},{"id":"KC_TRNS","fields":[]},{"id":"KC_TRNS","fields":[]},{"id":"KC_TRNS","fields":[]},{"id":"KC_TRNS","fields":[]},{"id":"KC_TRNS","fields":[]},{"id":"KC_TRNS","fields":[]},{"id":"KC_TRNS","fields":[]},{"id":"KC_TRNS","fields":[]},{"id":"KC_TRNS","fields":[]},{"id":"KC_TRNS","fields":[]}]},{"id":15,"legend":"code","state":{"x":0.25,"y":2.8500000000000005,"r":0,"rx":0,"ry":0,"w":1,"h":1,"x2":0,"y2":0,"w2":0,"h2":0,"c":"#766a5e","t":"#e1dbd1","p":"OEM","f":3,"fa":[0,0,2,2],"a":4},"row":2,"col":0,"keycodes":[{"id":"KC_PGDN","fields":[]},{"id":"KC_TRNS","fields":[]},{"id":"KC_TRNS","fields":[]},{"id":"KC_TRNS","fields":[]},{"id":"KC_TRNS","fields":[]},{"id":"KC_TRNS","fields":[]},{"id":"KC_TRNS","fields":[]},{"id":"KC_TRNS","fields":[]},{"id":"KC_TRNS","fields":[]},{"id":"KC_TRNS","fields":[]},{"id":"KC_TRNS","fields":[]},{"id":"KC_TRNS","fields":[]},{"id":"KC_TRNS","fields":[]},{"id":"KC_TRNS","fields":[]},{"id":"KC_TRNS","fields":[]},{"id":"KC_TRNS","fields":[]}]},{"id":16,"legend":"Caps&nbsp;Lock\n\n\n\n1.75","state":{"x":1.9,"y":3.0000000000000004,"r":0,"rx":0,"ry":0,"w":1.75,"h":1,"x2":0,"y2":0,"w2":0,"h2":0,"c":"#766a5e","t":"#e1dbd1","p":"OEM","f":3,"fa":[0,0,2,2],"a":0},"row":2,"col":1,"keycodes":[{"id":"KC_CAPS","fields":[]},{"id":"KC_TRNS","fields":[]},{"id":"KC_TRNS","fields":[]},{"id":"KC_TRNS","fields":[]},{"id":"KC_TRNS","fields":[]},{"id":"KC_TRNS","fields":[]},{"id":"KC_TRNS","fields":[]},{"id":"KC_TRNS","fields":[]},{"id":"KC_TRNS","fields":[]},{"id":"KC_TRNS","fields":[]},{"id":"KC_TRNS","fields":[]},{"id":"KC_TRNS","fields":[]},{"id":"KC_TRNS","fields":[]},{"id":"KC_TRNS","fields":[]},{"id":"KC_TRNS","fields":[]},{"id":"KC_TRNS","fields":[]}]},{"id":17,"legend":"A","state":{"x":3.65,"y":3.0000000000000004,"r":0,"rx":0,"ry":0,"w":1,"h":1,"x2":0,"y2":0,"w2":0,"h2":0,"c":"#e1dbd1","t":"#766a5e","p":"OEM","f":6,"fa":[0,0,2,2],"a":4},"row":2,"col":2,"keycodes":[{"id":"KC_A","fields":[]},{"id":"KC_TRNS","fields":[]},{"id":"KC_TRNS","fields":[]},{"id":"KC_TRNS","fields":[]},{"id":"KC_TRNS","fields":[]},{"id":"KC_TRNS","fields":[]},{"id":"KC_TRNS","fields":[]},{"id":"KC_TRNS","fields":[]},{"id":"KC_TRNS","fields":[]},{"id":"KC_TRNS","fields":[]},{"id":"KC_TRNS","fields":[]},{"id":"KC_TRNS","fields":[]},{"id":"KC_TRNS","fields":[]},{"id":"KC_TRNS","fields":[]},{"id":"KC_TRNS","fields":[]},{"id":"KC_TRNS","fields":[]}]},{"id":18,"legend":":\n;\n-","state":{"x":13.9,"y":3.0000000000000004,"r":0,"rx":0,"ry":0,"w":1,"h":1,"x2":0,"y2":0,"w2":0,"h2":0,"c":"#e1dbd1","t":"#766a5e","p":"OEM","f":6,"fa":[0,0,2],"a":4},"row":2,"col":11,"keycodes":[{"id":"KC_SCLN","fields":[]},{"id":"KC_TRNS","fields":[]},{"id":"KC_TRNS","fields":[]},{"id":"KC_TRNS","fields":[]},{"id":"KC_TRNS","fields":[]},{"id":"KC_TRNS","fields":[]},{"id":"KC_TRNS","fields":[]},{"id":"KC_TRNS","fields":[]},{"id":"KC_TRNS","fields":[]},{"id":"KC_TRNS","fields":[]},{"id":"KC_TRNS","fields":[]},{"id":"KC_TRNS","fields":[]},{"id":"KC_TRNS","fields":[]},{"id":"KC_TRNS","fields":[]},{"id":"KC_TRNS","fields":[]},{"id":"KC_TRNS","fields":[]}]},{"id":19,"legend":"'\"\n'","state":{"x":14.9,"y":3.0000000000000004,"r":0,"rx":0,"ry":0,"w":1,"h":1,"x2":0,"y2":0,"w2":0,"h2":0,"c":"#e1dbd1","t":"#766a5e","p":"OEM","f":6,"fa":[0,0,2],"a":4},"row":2,"col":12,"keycodes":[{"id":"KC_QUOT","fields":[]},{"id":"KC_TRNS","fields":[]},{"id":"KC_TRNS","fields":[]},{"id":"KC_TRNS","fields":[]},{"id":"KC_TRNS","fields":[]},{"id":"KC_TRNS","fields":[]},{"id":"KC_TRNS","fields":[]},{"id":"KC_TRNS","fields":[]},{"id":"KC_TRNS","fields":[]},{"id":"KC_TRNS","fields":[]},{"id":"KC_TRNS","fields":[]},{"id":"KC_TRNS","fields":[]},{"id":"KC_TRNS","fields":[]},{"id":"KC_TRNS","fields":[]},{"id":"KC_TRNS","fields":[]},{"id":"KC_TRNS","fields":[]}]},{"id":20,"legend":"Enter","state":{"x":15.9,"y":3.0000000000000004,"r":0,"rx":0,"ry":0,"w":2.25,"h":1,"x2":0,"y2":0,"w2":0,"h2":0,"c":"#766a5e","t":"#e1dbd1","p":"OEM","f":3,"fa":[0,0,2],"a":4},"row":2,"col":13,"keycodes":[{"id":"KC_ENT","fields":[]},{"id":"KC_TRNS","fields":[]},{"id":"KC_TRNS","fields":[]},{"id":"KC_TRNS","fields":[]},{"id":"KC_TRNS","fields":[]},{"id":"KC_TRNS","fields":[]},{"id":"KC_TRNS","fields":[]},{"id":"KC_TRNS","fields":[]},{"id":"KC_TRNS","fields":[]},{"id":"KC_TRNS","fields":[]},{"id":"KC_TRNS","fields":[]},{"id":"KC_TRNS","fields":[]},{"id":"KC_TRNS","fields":[]},{"id":"KC_TRNS","fields":[]},{"id":"KC_TRNS","fields":[]},{"id":"KC_TRNS","fields":[]}]},{"id":21,"legend":"Shift\n\n\n<i>fn</i>\n2.25&nbsp;(ANSI&nbsp;LShift)","state":{"x":1.75,"y":4,"r":0,"rx":0,"ry":0,"w":2.25,"h":1,"x2":0,"y2":0,"w2":0,"h2":0,"c":"#e1dbd1","t":"#766a5e","p":"OEM","f":3,"fa":[0,0,0,2],"a":0},"row":3,"col":1,"keycodes":[{"id":"KC_LSFT","fields":[]},{"id":"KC_TRNS","fields":[]},{"id":"KC_TRNS","fields":[]},{"id":"KC_TRNS","fields":[]},{"id":"KC_TRNS","fields":[]},{"id":"KC_TRNS","fields":[]},{"id":"KC_TRNS","fields":[]},{"id":"KC_TRNS","fields":[]},{"id":"KC_TRNS","fields":[]},{"id":"KC_TRNS","fields":[]},{"id":"KC_TRNS","fields":[]},{"id":"KC_TRNS","fields":[]},{"id":"KC_TRNS","fields":[]},{"id":"KC_TRNS","fields":[]},{"id":"KC_TRNS","fields":[]},{"id":"KC_TRNS","fields":[]}]},{"id":22,"legend":"Z","state":{"x":4,"y":4,"r":0,"rx":0,"ry":0,"w":1,"h":1,"x2":0,"y2":0,"w2":0,"h2":0,"c":"#e1dbd1","t":"#766a5e","p":"OEM","f":6,"fa":[0,0,0,2],"a":4},"row":3,"col":2,"keycodes":[{"id":"KC_Z","fields":[]},{"id":"KC_TRNS","fields":[]},{"id":"KC_TRNS","fields":[]},{"id":"KC_TRNS","fields":[]},{"id":"KC_TRNS","fields":[]},{"id":"KC_TRNS","fields":[]},{"id":"KC_TRNS","fields":[]},{"id":"KC_TRNS","fields":[]},{"id":"KC_TRNS","fields":[]},{"id":"KC_TRNS","fields":[]},{"id":"KC_TRNS","fields":[]},{"id":"KC_TRNS","fields":[]},{"id":"KC_TRNS","fields":[]},{"id":"KC_TRNS","fields":[]},{"id":"KC_TRNS","fields":[]},{"id":"KC_TRNS","fields":[]}]},{"id":23,"legend":">\n.\n+","state":{"x":13.6,"y":4,"r":0,"rx":0,"ry":0,"w":1,"h":1,"x2":0,"y2":0,"w2":0,"h2":0,"c":"#e1dbd1","t":"#766a5e","p":"OEM","f":6,"fa":[0,0,2],"a":4},"row":3,"col":11,"keycodes":[{"id":"KC_DOT","fields":[]},{"id":"KC_TRNS","fields":[]},{"id":"KC_TRNS","fields":[]},{"id":"KC_TRNS","fields":[]},{"id":"KC_TRNS","fields":[]},{"id":"KC_TRNS","fields":[]},{"id":"KC_TRNS","fields":[]},{"id":"KC_TRNS","fields":[]},{"id":"KC_TRNS","fields":[]},{"id":"KC_TRNS","fields":[]},{"id":"KC_TRNS","fields":[]},{"id":"KC_TRNS","fields":[]},{"id":"KC_TRNS","fields":[]},{"id":"KC_TRNS","fields":[]},{"id":"KC_TRNS","fields":[]},{"id":"KC_TRNS","fields":[]}]},{"id":24,"legend":"?\n/","state":{"x":14.6,"y":4,"r":0,"rx":0,"ry":0,"w":1,"h":1,"x2":0,"y2":0,"w2":0,"h2":0,"c":"#e1dbd1","t":"#766a5e","p":"OEM","f":6,"fa":[0,0,2],"a":4},"row":3,"col":12,"keycodes":[{"id":"KC_SLSH","fields":[]},{"id":"KC_TRNS","fields":[]},{"id":"KC_TRNS","fields":[]},{"id":"KC_TRNS","fields":[]},{"id":"KC_TRNS","fields":[]},{"id":"KC_TRNS","fields":[]},{"id":"KC_TRNS","fields":[]},{"id":"KC_TRNS","fields":[]},{"id":"KC_TRNS","fields":[]},{"id":"KC_TRNS","fields":[]},{"id":"KC_TRNS","fields":[]},{"id":"KC_TRNS","fields":[]},{"id":"KC_TRNS","fields":[]},{"id":"KC_TRNS","fields":[]},{"id":"KC_TRNS","fields":[]},{"id":"KC_TRNS","fields":[]}]},{"id":25,"legend":"Shift\n\n\n\n1.75","state":{"x":15.6,"y":4,"r":0,"rx":0,"ry":0,"w":1.75,"h":1,"x2":0,"y2":0,"w2":0,"h2":0,"c":"#766a5e","t":"#e1dbd1","p":"OEM","f":3,"fa":[0,0,2],"a":0},"row":3,"col":13,"keycodes":[{"id":"KC_RSFT","fields":[]},{"id":"KC_TRNS","fields":[]},{"id":"KC_TRNS","fields":[]},{"id":"KC_TRNS","fields":[]},{"id":"KC_TRNS","fields":[]},{"id":"KC_TRNS","fields":[]},{"id":"KC_TRNS","fields":[]},{"id":"KC_TRNS","fields":[]},{"id":"KC_TRNS","fields":[]},{"id":"KC_TRNS","fields":[]},{"id":"KC_TRNS","fields":[]},{"id":"KC_TRNS","fields":[]},{"id":"KC_TRNS","fields":[]},{"id":"KC_TRNS","fields":[]},{"id":"KC_TRNS","fields":[]},{"id":"KC_TRNS","fields":[]}]},{"id":26,"legend":"Fn\n\n\n<i>fn</i>","state":{"x":17.35,"y":4,"r":0,"rx":0,"ry":0,"w":1,"h":1,"x2":0,"y2":0,"w2":0,"h2":0,"c":"#766a5e","t":"#e1dbd1","p":"OEM","f":3,"fa":[0,0,0,2],"a":4},"row":3,"col":14,"keycodes":[{"id":"MO()","fields":[1]},{"id":"KC_TRNS","fields":[]},{"id":"KC_TRNS","fields":[]},{"id":"KC_TRNS","fields":[]},{"id":"KC_TRNS","fields":[]},{"id":"KC_TRNS","fields":[]},{"id":"KC_TRNS","fields":[]},{"id":"KC_TRNS","fields":[]},{"id":"KC_TRNS","fields":[]},{"id":"KC_TRNS","fields":[]},{"id":"KC_TRNS","fields":[]},{"id":"KC_TRNS","fields":[]},{"id":"KC_TRNS","fields":[]},{"id":"KC_TRNS","fields":[]},{"id":"KC_TRNS","fields":[]},{"id":"KC_TRNS","fields":[]}]},{"id":27,"legend":"Ctrl","state":{"x":2.25,"y":5,"r":0,"rx":0,"ry":0,"w":1.5,"h":1,"x2":0,"y2":0,"w2":0,"h2":0,"c":"#766a5e","t":"#e1dbd1","p":"OEM","f":3,"fa":[0,0,0,2],"a":4},"row":4,"col":1,"keycodes":[{"id":"KC_LCTL","fields":[]},{"id":"KC_TRNS","fields":[]},{"id":"KC_TRNS","fields":[]},{"id":"KC_TRNS","fields":[]},{"id":"KC_TRNS","fields":[]},{"id":"KC_TRNS","fields":[]},{"id":"KC_TRNS","fields":[]},{"id":"KC_TRNS","fields":[]},{"id":"KC_TRNS","fields":[]},{"id":"KC_TRNS","fields":[]},{"id":"KC_TRNS","fields":[]},{"id":"KC_TRNS","fields":[]},{"id":"KC_TRNS","fields":[]},{"id":"KC_TRNS","fields":[]},{"id":"KC_TRNS","fields":[]},{"id":"KC_TRNS","fields":[]}]},{"id":28,"legend":"Ctrl\n\n\n\n1.25","state":{"x":16.75,"y":5,"r":0,"rx":0,"ry":0,"w":1.5,"h":1,"x2":0,"y2":0,"w2":0,"h2":0,"c":"#766a5e","t":"#e1dbd1","p":"OEM","f":3,"fa":[0,0,0,2],"a":0},"row":4,"col":12,"keycodes":[{"id":"KC_RCTL","fields":[]},{"id":"KC_TRNS","fields":[]},{"id":"KC_TRNS","fields":[]},{"id":"KC_TRNS","fields":[]},{"id":"KC_TRNS","fields":[]},{"id":"KC_TRNS","fields":[]},{"id":"KC_TRNS","fields":[]},{"id":"KC_TRNS","fields":[]},{"id":"KC_TRNS","fields":[]},{"id":"KC_TRNS","fields":[]},{"id":"KC_TRNS","fields":[]},{"id":"KC_TRNS","fields":[]},{"id":"KC_TRNS","fields":[]},{"id":"KC_TRNS","fields":[]},{"id":"KC_TRNS","fields":[]},{"id":"KC_TRNS","fields":[]}]},{"id":29,"legend":"£\n3\n\nF3","state":{"x":5.5,"y":0,"r":10,"rx":0,"ry":0,"w":1,"h":1,"x2":0,"y2":0,"w2":0,"h2":0,"c":"#e1dbd1","t":"#766a5e","p":"OEM","f":6,"fa":[0,0,0,2],"a":4},"row":0,"col":4,"keycodes":[{"id":"KC_3","fields":[]},{"id":"KC_F3","fields":[]},{"id":"KC_TRNS","fields":[]},{"id":"KC_TRNS","fields":[]},{"id":"KC_TRNS","fields":[]},{"id":"KC_TRNS","fields":[]},{"id":"KC_TRNS","fields":[]},{"id":"KC_TRNS","fields":[]},{"id":"KC_TRNS","fields":[]},{"id":"KC_TRNS","fields":[]},{"id":"KC_TRNS","fields":[]},{"id":"KC_TRNS","fields":[]},{"id":"KC_TRNS","fields":[]},{"id":"KC_TRNS","fields":[]},{"id":"KC_TRNS","fields":[]},{"id":"KC_TRNS","fields":[]}]},{"id":30,"legend":"$\n4\n\nF4","state":{"x":6.5,"y":0,"r":10,"rx":0,"ry":0,"w":1,"h":1,"x2":0,"y2":0,"w2":0,"h2":0,"c":"#e1dbd1","t":"#766a5e","p":"OEM","f":6,"fa":[0,0,0,2],"a":4},"row":0,"col":5,"keycodes":[{"id":"KC_4","fields":[]},{"id":"KC_F4","fields":[]},{"id":"KC_TRNS","fields":[]},{"id":"KC_TRNS","fields":[]},{"id":"KC_TRNS","fields":[]},{"id":"KC_TRNS","fields":[]},{"id":"KC_TRNS","fields":[]},{"id":"KC_TRNS","fields":[]},{"id":"KC_TRNS","fields":[]},{"id":"KC_TRNS","fields":[]},{"id":"KC_TRNS","fields":[]},{"id":"KC_TRNS","fields":[]},{"id":"KC_TRNS","fields":[]},{"id":"KC_TRNS","fields":[]},{"id":"KC_TRNS","fields":[]},{"id":"KC_TRNS","fields":[]}]},{"id":31,"legend":"%\n5\n\nF5","state":{"x":7.5,"y":0,"r":10,"rx":0,"ry":0,"w":1,"h":1,"x2":0,"y2":0,"w2":0,"h2":0,"c":"#e1dbd1","t":"#766a5e","p":"OEM","f":6,"fa":[0,0,0,2],"a":4},"row":0,"col":6,"keycodes":[{"id":"KC_5","fields":[]},{"id":"KC_F5","fields":[]},{"id":"KC_TRNS","fields":[]},{"id":"KC_TRNS","fields":[]},{"id":"KC_TRNS","fields":[]},{"id":"KC_TRNS","fields":[]},{"id":"KC_TRNS","fields":[]},{"id":"KC_TRNS","fields":[]},{"id":"KC_TRNS","fields":[]},{"id":"KC_TRNS","fields":[]},{"id":"KC_TRNS","fields":[]},{"id":"KC_TRNS","fields":[]},{"id":"KC_TRNS","fields":[]},{"id":"KC_TRNS","fields":[]},{"id":"KC_TRNS","fields":[]},{"id":"KC_TRNS","fields":[]}]},{"id":32,"legend":"^\n6\n\nF6","state":{"x":8.5,"y":0,"r":10,"rx":0,"ry":0,"w":1,"h":1,"x2":0,"y2":0,"w2":0,"h2":0,"c":"#e1dbd1","t":"#766a5e","p":"OEM","f":6,"fa":[0,0,0,2],"a":4},"row":0,"col":7,"keycodes":[{"id":"KC_6","fields":[]},{"id":"KC_F6","fields":[]},{"id":"KC_TRNS","fields":[]},{"id":"KC_TRNS","fields":[]},{"id":"KC_TRNS","fields":[]},{"id":"KC_TRNS","fields":[]},{"id":"KC_TRNS","fields":[]},{"id":"KC_TRNS","fields":[]},{"id":"KC_TRNS","fields":[]},{"id":"KC_TRNS","fields":[]},{"id":"KC_TRNS","fields":[]},{"id":"KC_TRNS","fields":[]},{"id":"KC_TRNS","fields":[]},{"id":"KC_TRNS","fields":[]},{"id":"KC_TRNS","fields":[]},{"id":"KC_TRNS","fields":[]}]},{"id":33,"legend":"W","state":{"x":5,"y":1,"r":10,"rx":0,"ry":0,"w":1,"h":1,"x2":0,"y2":0,"w2":0,"h2":0,"c":"#e1dbd1","t":"#766a5e","p":"OEM","f":6,"fa":[0,0,0,2],"a":4},"row":1,"col":3,"keycodes":[{"id":"KC_W","fields":[]},{"id":"KC_TRNS","fields":[]},{"id":"KC_TRNS","fields":[]},{"id":"KC_TRNS","fields":[]},{"id":"KC_TRNS","fields":[]},{"id":"KC_TRNS","fields":[]},{"id":"KC_TRNS","fields":[]},{"id":"KC_TRNS","fields":[]},{"id":"KC_TRNS","fields":[]},{"id":"KC_TRNS","fields":[]},{"id":"KC_TRNS","fields":[]},{"id":"KC_TRNS","fields":[]},{"id":"KC_TRNS","fields":[]},{"id":"KC_TRNS","fields":[]},{"id":"KC_TRNS","fields":[]},{"id":"KC_TRNS","fields":[]}]},{"id":34,"legend":"E","state":{"x":6,"y":1,"r":10,"rx":0,"ry":0,"w":1,"h":1,"x2":0,"y2":0,"w2":0,"h2":0,"c":"#e1dbd1","t":"#766a5e","p":"OEM","f":6,"fa":[0,0,0,2],"a":4},"row":1,"col":4,"keycodes":[{"id":"KC_E","fields":[]},{"id":"KC_TRNS","fields":[]},{"id":"KC_TRNS","fields":[]},{"id":"KC_TRNS","fields":[]},{"id":"KC_TRNS","fields":[]},{"id":"KC_TRNS","fields":[]},{"id":"KC_TRNS","fields":[]},{"id":"KC_TRNS","fields":[]},{"id":"KC_TRNS","fields":[]},{"id":"KC_TRNS","fields":[]},{"id":"KC_TRNS","fields":[]},{"id":"KC_TRNS","fields":[]},{"id":"KC_TRNS","fields":[]},{"id":"KC_TRNS","fields":[]},{"id":"KC_TRNS","fields":[]},{"id":"KC_TRNS","fields":[]}]},{"id":35,"legend":"R","state":{"x":7,"y":1,"r":10,"rx":0,"ry":0,"w":1,"h":1,"x2":0,"y2":0,"w2":0,"h2":0,"c":"#e1dbd1","t":"#766a5e","p":"OEM","f":6,"fa":[0,0,0,2],"a":4},"row":1,"col":5,"keycodes":[{"id":"KC_R","fields":[]},{"id":"KC_TRNS","fields":[]},{"id":"KC_TRNS","fields":[]},{"id":"KC_TRNS","fields":[]},{"id":"KC_TRNS","fields":[]},{"id":"KC_TRNS","fields":[]},{"id":"KC_TRNS","fields":[]},{"id":"KC_TRNS","fields":[]},{"id":"KC_TRNS","fields":[]},{"id":"KC_TRNS","fields":[]},{"id":"KC_TRNS","fields":[]},{"id":"KC_TRNS","fields":[]},{"id":"KC_TRNS","fields":[]},{"id":"KC_TRNS","fields":[]},{"id":"KC_TRNS","fields":[]},{"id":"KC_TRNS","fields":[]}]},{"id":36,"legend":"T","state":{"x":8,"y":1,"r":10,"rx":0,"ry":0,"w":1,"h":1,"x2":0,"y2":0,"w2":0,"h2":0,"c":"#e1dbd1","t":"#766a5e","p":"OEM","f":6,"fa":[0,0,0,2],"a":4},"row":1,"col":6,"keycodes":[{"id":"KC_T","fields":[]},{"id":"KC_TRNS","fields":[]},{"id":"KC_TRNS","fields":[]},{"id":"KC_TRNS","fields":[]},{"id":"KC_TRNS","fields":[]},{"id":"KC_TRNS","fields":[]},{"id":"KC_TRNS","fields":[]},{"id":"KC_TRNS","fields":[]},{"id":"KC_TRNS","fields":[]},{"id":"KC_TRNS","fields":[]},{"id":"KC_TRNS","fields":[]},{"id":"KC_TRNS","fields":[]},{"id":"KC_TRNS","fields":[]},{"id":"KC_TRNS","fields":[]},{"id":"KC_TRNS","fields":[]},{"id":"KC_TRNS","fields":[]}]},{"id":37,"legend":"S\n\n\nPrtSc","state":{"x":5.25,"y":2,"r":10,"rx":0,"ry":0,"w":1,"h":1,"x2":0,"y2":0,"w2":0,"h2":0,"c":"#e1dbd1","t":"#766a5e","p":"OEM","f":6,"fa":[0,0,0,2],"a":4},"row":2,"col":3,"keycodes":[{"id":"KC_S","fields":[]},{"id":"KC_TRNS","fields":[]},{"id":"KC_TRNS","fields":[]},{"id":"KC_TRNS","fields":[]},{"id":"KC_TRNS","fields":[]},{"id":"KC_TRNS","fields":[]},{"id":"KC_TRNS","fields":[]},{"id":"KC_TRNS","fields":[]},{"id":"KC_TRNS","fields":[]},{"id":"KC_TRNS","fields":[]},{"id":"KC_TRNS","fields":[]},{"id":"KC_TRNS","fields":[]},{"id":"KC_TRNS","fields":[]},{"id":"KC_TRNS","fields":[]},{"id":"KC_TRNS","fields":[]},{"id":"KC_TRNS","fields":[]}]},{"id":38,"legend":"D","state":{"x":6.25,"y":2,"r":10,"rx":0,"ry":0,"w":1,"h":1,"x2":0,"y2":0,"w2":0,"h2":0,"c":"#e1dbd1","t":"#766a5e","p":"OEM","f":6,"fa":[0,0,0,2],"a":4},"row":2,"col":4,"keycodes":[{"id":"KC_D","fields":[]},{"id":"KC_TRNS","fields":[]},{"id":"KC_TRNS","fields":[]},{"id":"KC_TRNS","fields":[]},{"id":"KC_TRNS","fields":[]},{"id":"KC_TRNS","fields":[]},{"id":"KC_TRNS","fields":[]},{"id":"KC_TRNS","fields":[]},{"id":"KC_TRNS","fields":[]},{"id":"KC_TRNS","fields":[]},{"id":"KC_TRNS","fields":[]},{"id":"KC_TRNS","fields":[]},{"id":"KC_TRNS","fields":[]},{"id":"KC_TRNS","fields":[]},{"id":"KC_TRNS","fields":[]},{"id":"KC_TRNS","fields":[]}]},{"id":39,"legend":"F","state":{"x":7.25,"y":2,"r":10,"rx":0,"ry":0,"w":1,"h":1,"x2":0,"y2":0,"w2":0,"h2":0,"c":"#e1dbd1","t":"#766a5e","p":"OEM","f":6,"fa":[0,0,0,2],"a":4,"n":true},"row":2,"col":5,"keycodes":[{"id":"KC_F","fields":[]},{"id":"KC_TRNS","fields":[]},{"id":"KC_TRNS","fields":[]},{"id":"KC_TRNS","fields":[]},{"id":"KC_TRNS","fields":[]},{"id":"KC_TRNS","fields":[]},{"id":"KC_TRNS","fields":[]},{"id":"KC_TRNS","fields":[]},{"id":"KC_TRNS","fields":[]},{"id":"KC_TRNS","fields":[]},{"id":"KC_TRNS","fields":[]},{"id":"KC_TRNS","fields":[]},{"id":"KC_TRNS","fields":[]},{"id":"KC_TRNS","fields":[]},{"id":"KC_TRNS","fields":[]},{"id":"KC_TRNS","fields":[]}]},{"id":40,"legend":"G","state":{"x":8.25,"y":2,"r":10,"rx":0,"ry":0,"w":1,"h":1,"x2":0,"y2":0,"w2":0,"h2":0,"c":"#e1dbd1","t":"#766a5e","p":"OEM","f":6,"fa":[0,0,0,2],"a":4,"n":true},"row":2,"col":6,"keycodes":[{"id":"KC_G","fields":[]},{"id":"KC_TRNS","fields":[]},{"id":"KC_TRNS","fields":[]},{"id":"KC_TRNS","fields":[]},{"id":"KC_TRNS","fields":[]},{"id":"KC_TRNS","fields":[]},{"id":"KC_TRNS","fields":[]},{"id":"KC_TRNS","fields":[]},{"id":"KC_TRNS","fields":[]},{"id":"KC_TRNS","fields":[]},{"id":"KC_TRNS","fields":[]},{"id":"KC_TRNS","fields":[]},{"id":"KC_TRNS","fields":[]},{"id":"KC_TRNS","fields":[]},{"id":"KC_TRNS","fields":[]},{"id":"KC_TRNS","fields":[]}]},{"id":41,"legend":"X","state":{"x":5.75,"y":3,"r":10,"rx":0,"ry":0,"w":1,"h":1,"x2":0,"y2":0,"w2":0,"h2":0,"c":"#e1dbd1","t":"#766a5e","p":"OEM","f":6,"fa":[0,0,0,2],"a":4,"n":true},"row":3,"col":3,"keycodes":[{"id":"KC_X","fields":[]},{"id":"KC_TRNS","fields":[]},{"id":"KC_TRNS","fields":[]},{"id":"KC_TRNS","fields":[]},{"id":"KC_TRNS","fields":[]},{"id":"KC_TRNS","fields":[]},{"id":"KC_TRNS","fields":[]},{"id":"KC_TRNS","fields":[]},{"id":"KC_TRNS","fields":[]},{"id":"KC_TRNS","fields":[]},{"id":"KC_TRNS","fields":[]},{"id":"KC_TRNS","fields":[]},{"id":"KC_TRNS","fields":[]},{"id":"KC_TRNS","fields":[]},{"id":"KC_TRNS","fields":[]},{"id":"KC_TRNS","fields":[]}]},{"id":42,"legend":"C\n\n\nScrLk","state":{"x":6.75,"y":3,"r":10,"rx":0,"ry":0,"w":1,"h":1,"x2":0,"y2":0,"w2":0,"h2":0,"c":"#e1dbd1","t":"#766a5e","p":"OEM","f":6,"fa":[0,0,0,2],"a":4,"n":true},"row":3,"col":4,"keycodes":[{"id":"KC_C","fields":[]},{"id":"KC_TRNS","fields":[]},{"id":"KC_TRNS","fields":[]},{"id":"KC_TRNS","fields":[]},{"id":"KC_TRNS","fields":[]},{"id":"KC_TRNS","fields":[]},{"id":"KC_TRNS","fields":[]},{"id":"KC_TRNS","fields":[]},{"id":"KC_TRNS","fields":[]},{"id":"KC_TRNS","fields":[]},{"id":"KC_TRNS","fields":[]},{"id":"KC_TRNS","fields":[]},{"id":"KC_TRNS","fields":[]},{"id":"KC_TRNS","fields":[]},{"id":"KC_TRNS","fields":[]},{"id":"KC_TRNS","fields":[]}]},{"id":43,"legend":"V","state":{"x":7.75,"y":3,"r":10,"rx":0,"ry":0,"w":1,"h":1,"x2":0,"y2":0,"w2":0,"h2":0,"c":"#e1dbd1","t":"#766a5e","p":"OEM","f":6,"fa":[0,0,0,2],"a":4,"n":true},"row":3,"col":5,"keycodes":[{"id":"KC_V","fields":[]},{"id":"KC_TRNS","fields":[]},{"id":"KC_TRNS","fields":[]},{"id":"KC_TRNS","fields":[]},{"id":"KC_TRNS","fields":[]},{"id":"KC_TRNS","fields":[]},{"id":"KC_TRNS","fields":[]},{"id":"KC_TRNS","fields":[]},{"id":"KC_TRNS","fields":[]},{"id":"KC_TRNS","fields":[]},{"id":"KC_TRNS","fields":[]},{"id":"KC_TRNS","fields":[]},{"id":"KC_TRNS","fields":[]},{"id":"KC_TRNS","fields":[]},{"id":"KC_TRNS","fields":[]},{"id":"KC_TRNS","fields":[]}]},{"id":44,"legend":"B\n\n\nBreak","state":{"x":8.75,"y":3,"r":10,"rx":0,"ry":0,"w":1,"h":1,"x2":0,"y2":0,"w2":0,"h2":0,"c":"#e1dbd1","t":"#766a5e","p":"OEM","f":6,"fa":[0,0,0,2],"a":4,"n":true},"row":3,"col":6,"keycodes":[{"id":"KC_B","fields":[]},{"id":"KC_TRNS","fields":[]},{"id":"KC_TRNS","fields":[]},{"id":"KC_TRNS","fields":[]},{"id":"KC_TRNS","fields":[]},{"id":"KC_TRNS","fields":[]},{"id":"KC_TRNS","fields":[]},{"id":"KC_TRNS","fields":[]},{"id":"KC_TRNS","fields":[]},{"id":"KC_TRNS","fields":[]},{"id":"KC_TRNS","fields":[]},{"id":"KC_TRNS","fields":[]},{"id":"KC_TRNS","fields":[]},{"id":"KC_TRNS","fields":[]},{"id":"KC_TRNS","fields":[]},{"id":"KC_TRNS","fields":[]}]},{"id":45,"legend":"Shift\n\n\n<i>fn</i>\n2.25&nbsp;(ANSI&nbsp;LShift)","state":{"x":7,"y":4,"r":10,"rx":0,"ry":0,"w":2.25,"h":1,"x2":0,"y2":0,"w2":0,"h2":0,"c":"#e1dbd1","t":"#766a5e","p":"OEM","f":3,"fa":[0,0,0,2],"a":0,"n":true},"row":4,"col":4,"keycodes":[{"id":"KC_SPC","fields":[]},{"id":"KC_TRNS","fields":[]},{"id":"KC_TRNS","fields":[]},{"id":"KC_TRNS","fields":[]},{"id":"KC_TRNS","fields":[]},{"id":"KC_TRNS","fields":[]},{"id":"KC_TRNS","fields":[]},{"id":"KC_TRNS","fields":[]},{"id":"KC_TRNS","fields":[]},{"id":"KC_TRNS","fields":[]},{"id":"KC_TRNS","fields":[]},{"id":"KC_TRNS","fields":[]},{"id":"KC_TRNS","fields":[]},{"id":"KC_TRNS","fields":[]},{"id":"KC_TRNS","fields":[]},{"id":"KC_TRNS","fields":[]}]},{"id":46,"legend":"code","state":{"x":9.25,"y":4,"r":10,"rx":0,"ry":0,"w":1,"h":1,"x2":0,"y2":0,"w2":0,"h2":0,"c":"#766a5e","t":"#e1dbd1","p":"OEM","f":3,"fa":[0,0,0,2],"a":4,"n":true},"row":4,"col":6,"keycodes":[{"id":"KC_DEL","fields":[]},{"id":"KC_TRNS","fields":[]},{"id":"KC_TRNS","fields":[]},{"id":"KC_TRNS","fields":[]},{"id":"KC_TRNS","fields":[]},{"id":"KC_TRNS","fields":[]},{"id":"KC_TRNS","fields":[]},{"id":"KC_TRNS","fields":[]},{"id":"KC_TRNS","fields":[]},{"id":"KC_TRNS","fields":[]},{"id":"KC_TRNS","fields":[]},{"id":"KC_TRNS","fields":[]},{"id":"KC_TRNS","fields":[]},{"id":"KC_TRNS","fields":[]},{"id":"KC_TRNS","fields":[]},{"id":"KC_TRNS","fields":[]}]},{"id":47,"legend":"Alt","state":{"x":5.5,"y":4.1,"r":10,"rx":0,"ry":0,"w":1.5,"h":1,"x2":0,"y2":0,"w2":0,"h2":0,"c":"#766a5e","t":"#e1dbd1","p":"OEM","f":3,"fa":[0,0,0,2],"a":4,"n":true},"row":4,"col":3,"keycodes":[{"id":"KC_LALT","fields":[]},{"id":"KC_TRNS","fields":[]},{"id":"KC_TRNS","fields":[]},{"id":"KC_TRNS","fields":[]},{"id":"KC_TRNS","fields":[]},{"id":"KC_TRNS","fields":[]},{"id":"KC_TRNS","fields":[]},{"id":"KC_TRNS","fields":[]},{"id":"KC_TRNS","fields":[]},{"id":"KC_TRNS","fields":[]},{"id":"KC_TRNS","fields":[]},{"id":"KC_TRNS","fields":[]},{"id":"KC_TRNS","fields":[]},{"id":"KC_TRNS","fields":[]},{"id":"KC_TRNS","fields":[]},{"id":"KC_TRNS","fields":[]}]},{"id":48,"legend":"&\n7\n7\nF7","state":{"x":9.25,"y":3.2499999999999996,"r":-10,"rx":0,"ry":0,"w":1,"h":1,"x2":0,"y2":0,"w2":0,"h2":0,"c":"#e1dbd1","t":"#766a5e","p":"OEM","f":6,"fa":[0,0,2,2],"a":4,"n":true},"row":0,"col":8,"keycodes":[{"id":"KC_7","fields":[]},{"id":"KC_F7","fields":[]},{"id":"KC_TRNS","fields":[]},{"id":"KC_TRNS","fields":[]},{"id":"KC_TRNS","fields":[]},{"id":"KC_TRNS","fields":[]},{"id":"KC_TRNS","fields":[]},{"id":"KC_TRNS","fields":[]},{"id":"KC_TRNS","fields":[]},{"id":"KC_TRNS","fields":[]},{"id":"KC_TRNS","fields":[]},{"id":"KC_TRNS","fields":[]},{"id":"KC_TRNS","fields":[]},{"id":"KC_TRNS","fields":[]},{"id":"KC_TRNS","fields":[]},{"id":"KC_TRNS","fields":[]}]},{"id":49,"legend":"*\n8\n8\nF8","state":{"x":10.25,"y":3.2499999999999996,"r":-10,"rx":0,"ry":0,"w":1,"h":1,"x2":0,"y2":0,"w2":0,"h2":0,"c":"#e1dbd1","t":"#766a5e","p":"OEM","f":6,"fa":[0,0,2,2],"a":4,"n":true},"row":0,"col":9,"keycodes":[{"id":"KC_8","fields":[]},{"id":"KC_F8","fields":[]},{"id":"KC_TRNS","fields":[]},{"id":"KC_TRNS","fields":[]},{"id":"KC_TRNS","fields":[]},{"id":"KC_TRNS","fields":[]},{"id":"KC_TRNS","fields":[]},{"id":"KC_TRNS","fields":[]},{"id":"KC_TRNS","fields":[]},{"id":"KC_TRNS","fields":[]},{"id":"KC_TRNS","fields":[]},{"id":"KC_TRNS","fields":[]},{"id":"KC_TRNS","fields":[]},{"id":"KC_TRNS","fields":[]},{"id":"KC_TRNS","fields":[]},{"id":"KC_TRNS","fields":[]}]},{"id":50,"legend":"(\n9\n9\nF9","state":{"x":11.25,"y":3.2499999999999996,"r":-10,"rx":0,"ry":0,"w":1,"h":1,"x2":0,"y2":0,"w2":0,"h2":0,"c":"#e1dbd1","t":"#766a5e","p":"OEM","f":6,"fa":[0,0,2,2],"a":4,"n":true},"row":0,"col":10,"keycodes":[{"id":"KC_9","fields":[]},{"id":"KC_F9","fields":[]},{"id":"KC_TRNS","fields":[]},{"id":"KC_TRNS","fields":[]},{"id":"KC_TRNS","fields":[]},{"id":"KC_TRNS","fields":[]},{"id":"KC_TRNS","fields":[]},{"id":"KC_TRNS","fields":[]},{"id":"KC_TRNS","fields":[]},{"id":"KC_TRNS","fields":[]},{"id":"KC_TRNS","fields":[]},{"id":"KC_TRNS","fields":[]},{"id":"KC_TRNS","fields":[]},{"id":"KC_TRNS","fields":[]},{"id":"KC_TRNS","fields":[]},{"id":"KC_TRNS","fields":[]}]},{"id":51,"legend":")\n0\n/\nF10","state":{"x":12.25,"y":3.2499999999999996,"r":-10,"rx":0,"ry":0,"w":1,"h":1,"x2":0,"y2":0,"w2":0,"h2":0,"c":"#e1dbd1","t":"#766a5e","p":"OEM","f":6,"fa":[0,0,2,2],"a":4,"n":true},"row":0,"col":11,"keycodes":[{"id":"KC_0","fields":[]},{"id":"KC_F10","fields":[]},{"id":"KC_TRNS","fields":[]},{"id":"KC_TRNS","fields":[]},{"id":"KC_TRNS","fields":[]},{"id":"KC_TRNS","fields":[]},{"id":"KC_TRNS","fields":[]},{"id":"KC_TRNS","fields":[]},{"id":"KC_TRNS","fields":[]},{"id":"KC_TRNS","fields":[]},{"id":"KC_TRNS","fields":[]},{"id":"KC_TRNS","fields":[]},{"id":"KC_TRNS","fields":[]},{"id":"KC_TRNS","fields":[]},{"id":"KC_TRNS","fields":[]},{"id":"KC_TRNS","fields":[]}]},{"id":52,"legend":"Y\n\n\nPgUp","state":{"x":8.75,"y":4.25,"r":-10,"rx":0,"ry":0,"w":1,"h":1,"x2":0,"y2":0,"w2":0,"h2":0,"c":"#e1dbd1","t":"#766a5e","p":"OEM","f":6,"fa":[0,0,2,2],"a":4,"n":true},"row":1,"col":7,"keycodes":[{"id":"KC_Y","fields":[]},{"id":"KC_TRNS","fields":[]},{"id":"KC_TRNS","fields":[]},{"id":"KC_TRNS","fields":[]},{"id":"KC_TRNS","fields":[]},{"id":"KC_TRNS","fields":[]},{"id":"KC_TRNS","fields":[]},{"id":"KC_TRNS","fields":[]},{"id":"KC_TRNS","fields":[]},{"id":"KC_TRNS","fields":[]},{"id":"KC_TRNS","fields":[]},{"id":"KC_TRNS","fields":[]},{"id":"KC_TRNS","fields":[]},{"id":"KC_TRNS","fields":[]},{"id":"KC_TRNS","fields":[]},{"id":"KC_TRNS","fields":[]}]},{"id":53,"legend":"U\n\n4\nHome","state":{"x":9.75,"y":4.25,"r":-10,"rx":0,"ry":0,"w":1,"h":1,"x2":0,"y2":0,"w2":0,"h2":0,"c":"#e1dbd1","t":"#766a5e","p":"OEM","f":6,"fa":[0,0,2,2],"a":4,"n":true},"row":1,"col":8,"keycodes":[{"id":"KC_U","fields":[]},{"id":"KC_TRNS","fields":[]},{"id":"KC_TRNS","fields":[]},{"id":"KC_TRNS","fields":[]},{"id":"KC_TRNS","fields":[]},{"id":"KC_TRNS","fields":[]},{"id":"KC_TRNS","fields":[]},{"id":"KC_TRNS","fields":[]},{"id":"KC_TRNS","fields":[]},{"id":"KC_TRNS","fields":[]},{"id":"KC_TRNS","fields":[]},{"id":"KC_TRNS","fields":[]},{"id":"KC_TRNS","fields":[]},{"id":"KC_TRNS","fields":[]},{"id":"KC_TRNS","fields":[]},{"id":"KC_TRNS","fields":[]}]},{"id":54,"legend":"I\n\n5\n↑","state":{"x":10.75,"y":4.25,"r":-10,"rx":0,"ry":0,"w":1,"h":1,"x2":0,"y2":0,"w2":0,"h2":0,"c":"#e1dbd1","t":"#766a5e","p":"OEM","f":6,"fa":[0,0,2,2],"a":4,"n":true},"row":1,"col":9,"keycodes":[{"id":"KC_I","fields":[]},{"id":"KC_TRNS","fields":[]},{"id":"KC_TRNS","fields":[]},{"id":"KC_TRNS","fields":[]},{"id":"KC_TRNS","fields":[]},{"id":"KC_TRNS","fields":[]},{"id":"KC_TRNS","fields":[]},{"id":"KC_TRNS","fields":[]},{"id":"KC_TRNS","fields":[]},{"id":"KC_TRNS","fields":[]},{"id":"KC_TRNS","fields":[]},{"id":"KC_TRNS","fields":[]},{"id":"KC_TRNS","fields":[]},{"id":"KC_TRNS","fields":[]},{"id":"KC_TRNS","fields":[]},{"id":"KC_TRNS","fields":[]}]},{"id":55,"legend":"O\n\n6\nEnd","state":{"x":11.75,"y":4.25,"r":-10,"rx":0,"ry":0,"w":1,"h":1,"x2":0,"y2":0,"w2":0,"h2":0,"c":"#e1dbd1","t":"#766a5e","p":"OEM","f":6,"fa":[0,0,2,2],"a":4,"n":true},"row":1,"col":10,"keycodes":[{"id":"KC_O","fields":[]},{"id":"KC_TRNS","fields":[]},{"id":"KC_TRNS","fields":[]},{"id":"KC_TRNS","fields":[]},{"id":"KC_TRNS","fields":[]},{"id":"KC_TRNS","fields":[]},{"id":"KC_TRNS","fields":[]},{"id":"KC_TRNS","fields":[]},{"id":"KC_TRNS","fields":[]},{"id":"KC_TRNS","fields":[]},{"id":"KC_TRNS","fields":[]},{"id":"KC_TRNS","fields":[]},{"id":"KC_TRNS","fields":[]},{"id":"KC_TRNS","fields":[]},{"id":"KC_TRNS","fields":[]},{"id":"KC_TRNS","fields":[]}]},{"id":56,"legend":"H\n\n\nPgDn","state":{"x":9,"y":5.25,"r":-10,"rx":0,"ry":0,"w":1,"h":1,"x2":0,"y2":0,"w2":0,"h2":0,"c":"#e1dbd1","t":"#766a5e","p":"OEM","f":6,"fa":[0,0,2,2],"a":4,"n":true},"row":2,"col":7,"keycodes":[{"id":"KC_H","fields":[]},{"id":"KC_TRNS","fields":[]},{"id":"KC_TRNS","fields":[]},{"id":"KC_TRNS","fields":[]},{"id":"KC_TRNS","fields":[]},{"id":"KC_TRNS","fields":[]},{"id":"KC_TRNS","fields":[]},{"id":"KC_TRNS","fields":[]},{"id":"KC_TRNS","fields":[]},{"id":"KC_TRNS","fields":[]},{"id":"KC_TRNS","fields":[]},{"id":"KC_TRNS","fields":[]},{"id":"KC_TRNS","fields":[]},{"id":"KC_TRNS","fields":[]},{"id":"KC_TRNS","fields":[]},{"id":"KC_TRNS","fields":[]}]},{"id":57,"legend":"J\n\n1\n←","state":{"x":10,"y":5.25,"r":-10,"rx":0,"ry":0,"w":1,"h":1,"x2":0,"y2":0,"w2":0,"h2":0,"c":"#e1dbd1","t":"#766a5e","p":"OEM","f":6,"fa":[0,0,2,2],"a":4,"n":true},"row":2,"col":8,"keycodes":[{"id":"KC_J","fields":[]},{"id":"KC_TRNS","fields":[]},{"id":"KC_TRNS","fields":[]},{"id":"KC_TRNS","fields":[]},{"id":"KC_TRNS","fields":[]},{"id":"KC_TRNS","fields":[]},{"id":"KC_TRNS","fields":[]},{"id":"KC_TRNS","fields":[]},{"id":"KC_TRNS","fields":[]},{"id":"KC_TRNS","fields":[]},{"id":"KC_TRNS","fields":[]},{"id":"KC_TRNS","fields":[]},{"id":"KC_TRNS","fields":[]},{"id":"KC_TRNS","fields":[]},{"id":"KC_TRNS","fields":[]},{"id":"KC_TRNS","fields":[]}]},{"id":58,"legend":"K\n\n2\n↓","state":{"x":11,"y":5.25,"r":-10,"rx":0,"ry":0,"w":1,"h":1,"x2":0,"y2":0,"w2":0,"h2":0,"c":"#e1dbd1","t":"#766a5e","p":"OEM","f":6,"fa":[0,0,2,2],"a":4,"n":true},"row":2,"col":9,"keycodes":[{"id":"KC_K","fields":[]},{"id":"KC_TRNS","fields":[]},{"id":"KC_TRNS","fields":[]},{"id":"KC_TRNS","fields":[]},{"id":"KC_TRNS","fields":[]},{"id":"KC_TRNS","fields":[]},{"id":"KC_TRNS","fields":[]},{"id":"KC_TRNS","fields":[]},{"id":"KC_TRNS","fields":[]},{"id":"KC_TRNS","fields":[]},{"id":"KC_TRNS","fields":[]},{"id":"KC_TRNS","fields":[]},{"id":"KC_TRNS","fields":[]},{"id":"KC_TRNS","fields":[]},{"id":"KC_TRNS","fields":[]},{"id":"KC_TRNS","fields":[]}]},{"id":59,"legend":"L\n\n3\n→","state":{"x":12,"y":5.25,"r":-10,"rx":0,"ry":0,"w":1,"h":1,"x2":0,"y2":0,"w2":0,"h2":0,"c":"#e1dbd1","t":"#766a5e","p":"OEM","f":6,"fa":[0,0,2,2],"a":4,"n":true},"row":2,"col":10,"keycodes":[{"id":"KC_L","fields":[]},{"id":"KC_TRNS","fields":[]},{"id":"KC_TRNS","fields":[]},{"id":"KC_TRNS","fields":[]},{"id":"KC_TRNS","fields":[]},{"id":"KC_TRNS","fields":[]},{"id":"KC_TRNS","fields":[]},{"id":"KC_TRNS","fields":[]},{"id":"KC_TRNS","fields":[]},{"id":"KC_TRNS","fields":[]},{"id":"KC_TRNS","fields":[]},{"id":"KC_TRNS","fields":[]},{"id":"KC_TRNS","fields":[]},{"id":"KC_TRNS","fields":[]},{"id":"KC_TRNS","fields":[]},{"id":"KC_TRNS","fields":[]}]},{"id":60,"legend":"Esc\n\n\n<i>fn</i>","state":{"x":8.5,"y":6.25,"r":-10,"rx":0,"ry":0,"w":1,"h":1,"x2":0,"y2":0,"w2":0,"h2":0,"c":"#7fa580","t":"#e1dbd1","p":"OEM","f":3,"fa":[0,0,2,2],"a":4,"n":true},"row":3,"col":7,"keycodes":[{"id":"KC_B","fields":[]},{"id":"KC_TRNS","fields":[]},{"id":"KC_TRNS","fields":[]},{"id":"KC_TRNS","fields":[]},{"id":"KC_TRNS","fields":[]},{"id":"KC_TRNS","fields":[]},{"id":"KC_TRNS","fields":[]},{"id":"KC_TRNS","fields":[]},{"id":"KC_TRNS","fields":[]},{"id":"KC_TRNS","fields":[]},{"id":"KC_TRNS","fields":[]},{"id":"KC_TRNS","fields":[]},{"id":"KC_TRNS","fields":[]},{"id":"KC_TRNS","fields":[]},{"id":"KC_TRNS","fields":[]},{"id":"KC_TRNS","fields":[]}]},{"id":61,"legend":"N\n\n\nNumLk","state":{"x":9.5,"y":6.25,"r":-10,"rx":0,"ry":0,"w":1,"h":1,"x2":0,"y2":0,"w2":0,"h2":0,"c":"#e1dbd1","t":"#766a5e","p":"OEM","f":6,"fa":[0,0,2,2],"a":4,"n":true},"row":3,"col":8,"keycodes":[{"id":"KC_N","fields":[]},{"id":"KC_TRNS","fields":[]},{"id":"KC_TRNS","fields":[]},{"id":"KC_TRNS","fields":[]},{"id":"KC_TRNS","fields":[]},{"id":"KC_TRNS","fields":[]},{"id":"KC_TRNS","fields":[]},{"id":"KC_TRNS","fields":[]},{"id":"KC_TRNS","fields":[]},{"id":"KC_TRNS","fields":[]},{"id":"KC_TRNS","fields":[]},{"id":"KC_TRNS","fields":[]},{"id":"KC_TRNS","fields":[]},{"id":"KC_TRNS","fields":[]},{"id":"KC_TRNS","fields":[]},{"id":"KC_TRNS","fields":[]}]},{"id":62,"legend":"M\n\n0","state":{"x":10.5,"y":6.25,"r":-10,"rx":0,"ry":0,"w":1,"h":1,"x2":0,"y2":0,"w2":0,"h2":0,"c":"#e1dbd1","t":"#766a5e","p":"OEM","f":6,"fa":[0,0,2,2],"a":4,"n":true},"row":3,"col":9,"keycodes":[{"id":"KC_M","fields":[]},{"id":"KC_TRNS","fields":[]},{"id":"KC_TRNS","fields":[]},{"id":"KC_TRNS","fields":[]},{"id":"KC_TRNS","fields":[]},{"id":"KC_TRNS","fields":[]},{"id":"KC_TRNS","fields":[]},{"id":"KC_TRNS","fields":[]},{"id":"KC_TRNS","fields":[]},{"id":"KC_TRNS","fields":[]},{"id":"KC_TRNS","fields":[]},{"id":"KC_TRNS","fields":[]},{"id":"KC_TRNS","fields":[]},{"id":"KC_TRNS","fields":[]},{"id":"KC_TRNS","fields":[]},{"id":"KC_TRNS","fields":[]}]},{"id":63,"legend":"<\n,\n.","state":{"x":11.5,"y":6.25,"r":-10,"rx":0,"ry":0,"w":1,"h":1,"x2":0,"y2":0,"w2":0,"h2":0,"c":"#e1dbd1","t":"#766a5e","p":"OEM","f":6,"fa":[0,0,2,2],"a":4,"n":true},"row":3,"col":10,"keycodes":[{"id":"KC_COMM","fields":[]},{"id":"KC_TRNS","fields":[]},{"id":"KC_TRNS","fields":[]},{"id":"KC_TRNS","fields":[]},{"id":"KC_TRNS","fields":[]},{"id":"KC_TRNS","fields":[]},{"id":"KC_TRNS","fields":[]},{"id":"KC_TRNS","fields":[]},{"id":"KC_TRNS","fields":[]},{"id":"KC_TRNS","fields":[]},{"id":"KC_TRNS","fields":[]},{"id":"KC_TRNS","fields":[]},{"id":"KC_TRNS","fields":[]},{"id":"KC_TRNS","fields":[]},{"id":"KC_TRNS","fields":[]},{"id":"KC_TRNS","fields":[]}]},{"id":64,"legend":"Shift\n\n<i>num</i>","state":{"x":8.75,"y":7.25,"r":-10,"rx":0,"ry":0,"w":2.75,"h":1,"x2":0,"y2":0,"w2":0,"h2":0,"c":"#e1dbd1","t":"#766a5e","p":"OEM","f":3,"fa":[0,0,2],"a":4,"n":true},"row":4,"col":8,"keycodes":[{"id":"KC_SPC","fields":[]},{"id":"KC_TRNS","fields":[]},{"id":"KC_TRNS","fields":[]},{"id":"KC_TRNS","fields":[]},{"id":"KC_TRNS","fields":[]},{"id":"KC_TRNS","fields":[]},{"id":"KC_TRNS","fields":[]},{"id":"KC_TRNS","fields":[]},{"id":"KC_TRNS","fields":[]},{"id":"KC_TRNS","fields":[]},{"id":"KC_TRNS","fields":[]},{"id":"KC_TRNS","fields":[]},{"id":"KC_TRNS","fields":[]},{"id":"KC_TRNS","fields":[]},{"id":"KC_TRNS","fields":[]},{"id":"KC_TRNS","fields":[]}]},{"id":65,"legend":"AltGr\n\n<i>num</i>","state":{"x":11.5,"y":7.35,"r":-10,"rx":0,"ry":0,"w":1.5,"h":1,"x2":0,"y2":0,"w2":0,"h2":0,"c":"#766a5e","t":"#e1dbd1","p":"OEM","f":3,"fa":[0,0,2],"a":4,"n":true},"row":4,"col":10,"keycodes":[{"id":"KC_RALT","fields":[]},{"id":"KC_TRNS","fields":[]},{"id":"KC_TRNS","fields":[]},{"id":"KC_TRNS","fields":[]},{"id":"KC_TRNS","fields":[]},{"id":"KC_TRNS","fields":[]},{"id":"KC_TRNS","fields":[]},{"id":"KC_TRNS","fields":[]},{"id":"KC_TRNS","fields":[]},{"id":"KC_TRNS","fields":[]},{"id":"KC_TRNS","fields":[]},{"id":"KC_TRNS","fields":[]},{"id":"KC_TRNS","fields":[]},{"id":"KC_TRNS","fields":[]},{"id":"KC_TRNS","fields":[]},{"id":"KC_TRNS","fields":[]}]}],"controller":1,"bounds":{"min":{"x":0,"y":0},"max":{"x":18.1,"y":5.853932586147076}},"rows":5,"cols":15,"pins":{"row":["B3","B2","B1","B0","B7"],"col":["F7","F6","F5","F4","F1","F0","C7","D5","D4","D6","D7","B4","B5","B6","C6"],"num":"D2","caps":"D1","scroll":"D3","compose":null,"kana":null,"led":null,"rgb":"E6"},"macros":{},"quantum":"void matrix_init_user(void) {\n}\n\nvoid matrix_scan_user(void) {\n}\n\nbool process_record_user(uint16_t keycode, keyrecord_t *record) {\n\treturn true;\n}","settings":{"diodeDirection":0,"name":"Proyecto A","bootloaderSize":2,"rgbNum":13,"backlightLevels":3}}}